Business Id,Business Name,Address,Alcohol,Dancing,Noise Level,Stars
WETE_LykpcnrC1sFcQ5EGg,Pubs And Bars,215 E Main St Carnegie Carnegie PA 15106,1,0,"average",3.5,
1qCuOcks5HRv67OHovAVpg,Pubs And Bars,122 W 8th Ave Homestead Homestead PA 15120,1,0,"loud",3.5,
YRDKsBFYP7G0E8BLJKIkvA,Pubs And Bars,403 E Ohio St North Side Pittsburgh PA 15212,1,0,"average",4.0,
IxQ1ATP_Wg_QujO9nywzcQ,Pubs And Bars,537 Suismon St North Side Pittsburgh PA 15212,1,0,"average",4.0,
2X5G4Ujq0s4Wfn4TC7gX0g,Pubs And Bars,1118 S Braddock Ave Pittsburgh PA 15218,1,0,"loud",4.5,
6xEl2PDJulIp1PfWqa7-aA,Pubs And Bars,2329 Penn Ave Strip District Pittsburgh PA 15222,1,0,"average",3.5,
3zgswf_NfBJpeAoWeTkgMA,Pubs And Bars,5135 Liberty Ave Bloomfield Pittsburgh PA 15224,1,0,"average",4.0,
3obPG5F_6rbAu86CuiNW4g,Pubs And Bars,1500 Washington Rd Pittsburgh PA 15228,1,0,"quiet",2.0,
mugOAOmylJu5p85Jz_zqOQ,Pubs And Bars,4 Bower Hill Rd Pittsburgh PA 15228,1,0,"quiet",4.5,
ePP0Eqz8JKSbtdt2phiB4A,Pubs And Bars,401 W 9th St Fourth Ward Charlotte NC 28202,1,0,"average",4.0,
WuCcv_Dyd_1B_1-4jwK7sQ,Pubs And Bars,208 N Tryon St First Ward Charlotte NC 28202,1,0,"average",3.5,
ym9QwkmB5ZKTyj7q5huTDw,Pubs And Bars,401 N Tryon St Ste 100 Fourth Ward Charlotte NC 28202,1,0,"average",3.5,
EwuvZCcVHkICgTbqCEjikA,Pubs And Bars,601 S Cedar St Uptown Charlotte NC 28202,1,1,"average",3.0,
t5l-H2KdY4MQgLDMENz9WQ,Pubs And Bars,214 N Church St Fourth Ward Charlotte NC 28202,1,0,"average",3.5,
jmzPbvE_02SzTAjwZCTgYA,Pubs And Bars,115 E 5th St First Ward Charlotte NC 28202,1,0,"loud",3.5,
F-e-sWfVd3eCYll3BP1QFA,Pubs And Bars,9605 N Tryon St Ste A University City Charlotte NC 28262,1,0,"loud",4.0,
HTplzElel_F_U_qhWuDKdg,Pubs And Bars,301 North St Eken Park Madison WI 53704,1,0,"average",3.5,
MVH3JOKpQvMTP4jxwBUhkA,Pubs And Bars,604 E Green St Champaign IL 61820,1,0,"loud",4.0,
6X7vAFv-Xj1TPcrJK7H2Eg,Pubs And Bars,105 N Market St Champaign IL 61820,1,0,"loud",4.0,
IUhO58Il7gUEjl1RMEncHA,Pubs And Bars,308 N Randolph St Champaign IL 61820,1,0,"average",4.0,
mJxu0USvbwSHcGsmwWh22A,Pubs And Bars,6 E Taylor St Champaign IL 61820,1,1,"very_loud",3.0,
3xEB9FyFXolq1b_Qn_BFtg,Pubs And Bars,4240 N Central Ave Phoenix AZ 85012,1,0,"average",3.5,
VC0VbRhQqvXpolK3pFuZPw,Pubs And Bars,537 E Camelback Rd Phoenix AZ 85012,1,0,"average",3.5,
3UMcsN9IjoeV8JZvC4apag,Pubs And Bars,322 E Camelback Rd Phoenix AZ 85012,1,0,"average",3.5,
_GS1R0LTwr6h8rMWY_8U9Q,Pubs And Bars,5555 N 7th St Ste 100 Phoenix AZ 85014,1,0,null,3.5,
s8KRwTTrQDSKrS3hOjwYLw,Pubs And Bars,6022 N 16th St Phoenix AZ 85016,1,0,"loud",4.0,
Pfb6VOIiroqDWOebfgWGPQ,Pubs And Bars,5816 N 16th St Phoenix AZ 85016,1,0,"average",4.0,
4f1b_-ceB9S3olRqGujh6w,Pubs And Bars,3215 E Thomas Rd Phoenix AZ 85018,1,0,null,4.0,
vFJmFFfPVhHkC3bWOeZnNA,Pubs And Bars,2848 E Bell Rd Phoenix AZ 85032,1,0,"loud",4.0,
0Apb1P7RzbQEkeJDuywlPQ,Pubs And Bars,4230 S 48th St Phoenix AZ 85040,1,0,null,2.0,
g4y3_YqR4jmfCP9K0TzxrQ,Pubs And Bars,3130 E Union Hills Dr Phoenix AZ 85050,1,0,"average",3.5,
g8ewG8o0ubTUTAUDj7UZLQ,Pubs And Bars,2815 S Alma School Rd Ste 101 Mesa AZ 85210,1,0,"loud",4.0,
LzNJLEIo4gh-X_rmDkNkNg,Pubs And Bars,15745 N Hayden Rd Ste D5-7 Scottsdale AZ 85260,1,0,"loud",4.0,
Btmq4WdwevpVWTPjhzf1YQ,Pubs And Bars,151 E Williams Field Rd Ste 112 Gilbert AZ 85296,1,0,"very_loud",3.5,
jIqbggyfbv37DgMk0_780A,Pubs And Bars,5915 W Bell Rd Glendale AZ 85308,1,0,"average",3.5,
muqFM9Hoamh_fGL4MPeZqg,Pubs And Bars,9470 Eastern Ave Southeast Las Vegas NV 89123,1,0,null,3.5,
IALHPP1RDtpXV9KnUM0EQQ,Pubs And Bars,4604 W Sahara Ave Suite #10 Westside Las Vegas NV 89102,1,0,"average",3.5,
ATPpSwo9LO03wcBUAVhrjQ,Pubs And Bars,Palace Station Hotel & Casino 2416 W Sahara Ave Las Vegas NV 89102,1,1,"average",2.5,
xNyTjXh2FRuT4Z8Ncj9WhA,Pubs And Bars,2280 S Nellis Blvd Sunrise Las Vegas NV 89104,1,0,"quiet",1.5,
1KG98tlQ_SXTrgE_QehYwA,Pubs And Bars,3328 E Charleston Blvd Downtown Las Vegas NV 89104,1,1,null,4.5,
a9Z5KKEDaC4Y4MHiRZhzzA,Pubs And Bars,5355 S Decatur Blvd Las Vegas NV 89118,1,0,"average",3.5,
NNSDXtjgNUNAgQH99R0yWw,Pubs And Bars,3470 E Sunset Rd Southeast Las Vegas NV 89120,1,0,"loud",3.0,
cEd4dJWJnfXFFEvDnDspyg,Pubs And Bars,6471 Boulder Hwy Southeast Las Vegas NV 89122,1,0,"average",3.5,
56Ulj9IFRp5Pz8ufJSHXBg,Pubs And Bars,8584 W Lake Mead Blvd Summerlin Las Vegas NV 89128,1,0,"average",3.5,
tGx7BSyqWDeppMvt2aQw_A,Pubs And Bars,1750 N Buffalo Dr Ste 115 Summerlin Las Vegas NV 89128,1,0,"average",3.5,
ibUy5WjSFnrFyWZKgzk6xQ,Pubs And Bars,5021 N Rainbow Blvd Northwest Las Vegas NV 89130,1,0,"loud",3.0,
i285zrPHVijXvLrlEKjVsA,Pubs And Bars,6138 W Charleston Blvd Westside Las Vegas NV 89146,1,0,null,4.0,
X4G7Zr-7fOr1bBP4iiONuw,Pubs And Bars,5790 S Fort Apache Rd Spring Valley Las Vegas NV 89148,1,0,"average",3.0,
nV79jhp3QzgSwV49bRTxiA,Pubs And Bars,6055 E Lake Mead Blvd Sunrise Las Vegas NV 89156,1,0,null,3.5,
Oi8IOoJOEX9JZYK65fUrrA,Pubs And Bars,4207 Butler St Lawrenceville Pittsburgh PA 15201,1,0,"average",3.5,
OWiX_AZ7hTRwTpA8kQL6Jw,Pubs And Bars,40 S 22nd St South Side Pittsburgh PA 15203,1,0,"average",4.0,
sF8rL9XOz4v48YdTucaBGQ,Pubs And Bars,1828 E Carson St South Side Pittsburgh PA 15203,1,0,"average",4.5,
_WaHLgLzALd2iThQAhC-sQ,Pubs And Bars,123 Shiloh St Mt. Washington Pittsburgh PA 15211,1,0,"average",3.5,
Zww-ckcRf0fvu_yKGFZvPw,Pubs And Bars,116 Oakland Ave Oakland Pittsburgh PA 15213,1,1,"very_loud",3.0,
1Kuuu75LVwr5-1OQ3Zv71w,Pubs And Bars,5802 Forbes Ave Squirrel Hill Pittsburgh PA 15217,1,0,"loud",3.5,
Klog5rsTfJEf41Kqva3FsA,Pubs And Bars,607 S Braddock Ave Regent Square Pittsburgh PA 15221,1,0,"average",3.0,
yGWjaYeSJ9O_LGlQwu3QCQ,Pubs And Bars,8111 Concord Blvd Concord Mills NC 28027,1,0,null,3.5,
-I-UTl6NN6FJOJCcyei0wA,Pubs And Bars,1600 Matthews Mint Hill Rd Ste A Matthews NC 28105,1,0,"average",3.0,
j2vhZd0f9cwVL6AbQPNEng,Pubs And Bars,107 N Trade St Matthews NC 28105,1,0,null,4.5,
gV9IOJ2YFSfTvg_IRjyHAg,Pubs And Bars,1315 East Blvd Ste 130 Dilworth Charlotte NC 28203,1,0,"average",3.0,
GcgXMZHVpUBjZF4bmSAtZg,Pubs And Bars,300 E Tremont Ave South End Charlotte NC 28203,1,0,"quiet",4.5,
RrN4MxdYvn274w_TCBTTWQ,Pubs And Bars,1933 South Blvd South End Charlotte NC 28203,1,0,"average",3.5,
vtMNpuMuQW1A7v93duCPSg,Pubs And Bars,1411 S Tryon St South End Charlotte NC 28203,1,0,"very_loud",3.5,
MGDuAYuyDJd-J-sv0wNoSQ,Pubs And Bars,1228 Thomas Ave Plaza Midwood Charlotte NC 28205,1,0,"loud",4.0,
kLeXxdySJ0Arrs3NWK2itA,Pubs And Bars,1513 Pierson Dr Eastland Charlotte NC 28205,1,0,"average",4.0,
t3biB9BlC201XRUNjG28rw,Pubs And Bars,2801 Selwyn Ave Myers Park Charlotte NC 28209,1,0,"loud",3.5,
vwEmnhJjcD8Zgp8K_8pJRA,Pubs And Bars,4151A Park Rd Charlotte NC 28209,1,0,"average",3.5,
JncdQGHMo52NhrA8FP6cHQ,Pubs And Bars,9242 Albemarle Rd Eastland Charlotte NC 28227,1,0,"average",3.5,
GQW0uzms1jN-L_gBG6zi4g,Pubs And Bars,608A W Verona Ave Verona WI 53593,1,0,"average",3.5,
3WYYCZq4spbRviIFN7dkJw,Pubs And Bars,117 W Main St Capitol Madison WI 53703,1,0,"average",4.0,
c1cGCn1syl9_c6XKEu4Mhg,Pubs And Bars,317 State St Capitol Madison WI 53703,1,0,"average",3.5,
_NW61hsQvk7u2E_xWiWyMQ,Pubs And Bars,627 W Main St Capitol Madison WI 53703,1,0,null,4.0,
RC_6Br1TzdgWWDDIZMAI1A,Pubs And Bars,3005 Univ Av Madison WI 53705,1,0,"average",3.5,
OzB1Hv1A8Lz_V4hYZ7Duzw,Pubs And Bars,3801 Mineral Point Rd Westmorland Madison WI 53705,1,0,"average",4.0,
Ihd6mI4cfXzIwcMSXZnhnA,Pubs And Bars,1612 Seminole Hwy Madison WI 53711,1,0,"average",3.5,
oZaCeojhVeBMvcjk_bFDag,Pubs And Bars,4506 Verona Rd Madison WI 53711,0,0,null,4.0,
n6cm_UuOgYnrMSgcc9DDwQ,Pubs And Bars,5264 Verona Rd Fitchburg WI 53711,1,0,null,2.0,
0UL_ZuWauXthShF2mb9iKw,Pubs And Bars,323 W Beltline Hwy Madison WI 53713,1,0,"loud",3.5,
-gefwOTDqW9HWGDvWBPSMQ,Pubs And Bars,18 W Monroe St Phoenix AZ 85003,1,0,"average",3.5,
cqIHyZ3Q0D4vBi-vb4mi-g,Pubs And Bars,1502 Grand Ave Phoenix AZ 85007,1,1,"average",4.0,
x9XX-dcVZfpU_J5UWuWzeg,Pubs And Bars,2601 W Dunlap Ave Phoenix AZ 85021,1,0,"average",4.5,
dOUtKHQ8Q0eHFjKPmi07tw,Pubs And Bars,3414 W Union Hills Dr Ste 16 Phoenix AZ 85027,1,1,"average",3.0,
VF9wvcgVPDVa9LBDHPrXuw,Pubs And Bars,2855 W Cactus Rd Phoenix AZ 85029,1,0,"average",4.0,
3g2ofV7mhEoPyfF7vFMObA,Pubs And Bars,7318 E Stetson Dr Scottsdale AZ 85251,1,0,"quiet",3.0,
9r5YLKGTdQz_Q29cBifePQ,Pubs And Bars,1334 N Scottsdale Rd Scottsdale AZ 85257,1,0,"average",3.5,
JokKtdXU7zXHcr20Lrk29A,Pubs And Bars,1340 E 8th St Ste 104 Tempe AZ 85281,1,0,"loud",4.5,
L2J3JfjXZLnX1rLhWKthqA,Pubs And Bars,401 S Mill Ave Tempe AZ 85281,1,0,"average",3.5,
i8Kf3Mkp1Ln-6IyF_CEFdA,Pubs And Bars,1954 E University Dr Tempe AZ 85281,1,1,"very_loud",3.5,
2ceeU8e3nZjaPfGmLwh4kg,Pubs And Bars,850 S Ash Ave Tempe AZ 85281,1,0,"loud",4.0,
fvQJ9iwsdCZyWkKmrmP53Q,Pubs And Bars,5114 W Northern Ave Glendale AZ 85301,1,1,"average",3.5,
rhN7xg5XzvRKvdAXE9lBtA,Pubs And Bars,6750 W Olive Ave Ste 102 Peoria AZ 85345,1,0,"average",3.5,
JVmC54M6XBrjCBim71ELtw,Pubs And Bars,3290 West Ann Rd North Las Vegas NV 89031,1,0,"quiet",3.0,
Q5czYuV9hAMqj0UAHSxnTw,Pubs And Bars,4850 Camino Al Norte North Las Vegas NV 89031,1,1,"average",4.0,
d53YK5c0OczXpDCBijbJLg,Pubs And Bars,906 S 6th St Downtown Las Vegas NV 89101,0,0,null,2.5,
VRYTY0V7WZcP-yzv7bkllg,Pubs And Bars,4825 W Flamingo Ave Suite #3 Las Vegas NV 89103,1,0,"average",3.5,
wjPlA2DQm4VpmhrkyzRmMQ,Pubs And Bars,3460 S Hualapai Way South Summerlin Las Vegas NV 89117,1,0,null,3.0,
YK9JsdBPgMvVSIGMuplX6g,Pubs And Bars,8820 W Charleston Blvd Ste 105 Westside Las Vegas NV 89117,1,0,"average",3.5,
OaiGAZoW7TQyHfKJAgu5ZQ,Pubs And Bars,1661 E Sunset Rd Southeast Las Vegas NV 89119,1,0,"loud",3.0,
r70nuDpkR5-g1oShW2ANvA,Pubs And Bars,1350 E Tropicana Ave University Las Vegas NV 89119,1,0,"average",4.0,
GoKArNsn4O4RQi3M2Choog,Pubs And Bars,4800 S Maryland Pkwy University Las Vegas NV 89119,1,0,"average",4.0,
vPFiYlgyTpoqonN3rZkJhg,Pubs And Bars,4310 E Tropicana Ave Eastside Las Vegas NV 89121,1,0,null,3.0,
_Gen_esDfnsAR8ibdfVy4g,Pubs And Bars,4160 S Pecos Rd Eastside Las Vegas NV 89121,1,1,null,3.5,
5oaHZw1g-Rbiianma5zU5g,Pubs And Bars,582 E Silverado Ranch Blvd Southeast Las Vegas NV 89123,1,0,"average",3.5,
Nv3oky9GGH5KPiXjXIOSKw,Pubs And Bars,739 S Rainbow Blvd Westside Las Vegas NV 89145,1,0,"average",2.5,
ZVabFAYFVw3kDk2HyHNqhg,Pubs And Bars,8255 W Flamingo Rd Spring Valley Las Vegas NV 89147,1,0,"average",2.5,
b248eH4DPvnWHq3h_BqHVg,Pubs And Bars,3645 S Durango Dr Spring Valley Las Vegas NV 89147,1,0,"average",3.0,
vGm5HVOg8M-I7lzAFLzrcg,Pubs And Bars,3935 S Durango Dr Spring Valley Las Vegas NV 89147,1,0,"loud",2.5,
Z3qmQ6N4VEudR45exSHrTg,Pubs And Bars,1524 Williamson St Williamson - Marquette Madison WI 53703,1,0,"loud",4.0,
EH7sT3dV-B365RETWCQhIA,Pubs And Bars,317 N Frances St Capitol Madison WI 53703,1,0,"average",4.0,
RHZcJuvnYxiLOkoiE1aTcQ,Pubs And Bars,7 W Main St Capitol Madison WI 53703,1,0,"average",4.0,
hO91yFmQKGV5l0OHUyRmeg,Pubs And Bars,319 N Henry St Capitol Madison WI 53703,1,0,"loud",4.0,
eZT3KnWP7Zz93KH0EvWSlw,Pubs And Bars,New York-New York Las Vegas Hotel & Casino 3790 Las Vegas Blvd S The Strip Las Vegas NV 89109,1,1,"very_loud",3.5,
WhBxWYRj6rycigYqdXY9cA,Pubs And Bars,123 E Doty St Capitol Madison WI 53703,1,0,"average",4.0,
yc5AH9H71xJidA_J2mChLA,Pubs And Bars,906 E Camelback Rd Phoenix AZ 85014,1,0,"loud",3.5,
YQeMF7q6xJ61v_OvAMDSlg,Pubs And Bars,20 E General Robinson St North Side Pittsburgh PA 15222,1,0,"average",2.5,
KvZ-05xTCXzEx98ZHsZ_Dw,Pubs And Bars,120 N Walnut St Champaign IL 61820,1,0,"average",4.5,
FqzgT9Y-Yu7jiWdHnGW-kQ,Pubs And Bars,4041 N 40th St Phoenix AZ 85018,1,0,"average",4.0,
W7xb2iS4cYL14Yi5LOGSkA,Pubs And Bars,21 E 6th St Ste 146 Tempe AZ 85281,1,0,"average",3.0,
noLH_u4MJzfXYYHqcByjnA,Pubs And Bars,3841 E Thunderbird Rd Phoenix AZ 85073,1,0,"average",3.5,
o9nCXNC14VScabiy2bftgw,Pubs And Bars,7077 E. Bell Rd. Scottsdale AZ 85254,1,0,"loud",3.0,
WNy1uzcmm_UHmTyR--o5IA,Pubs And Bars,960 W University Dr Tempe AZ 85281,1,0,"average",4.5,
Vtx0VYkybAd71fzwgaoQ8g,Pubs And Bars,15688 N Pima Rd Ste C6 Scottsdale AZ 85260,1,0,"average",3.5,
CXtXYZRF5SWAIzcjAOM5jA,Pubs And Bars,1089 E Tropicana Ave University Las Vegas NV 89119,1,0,"average",3.0,
k-D2NUfaUbuQzPaMXniXcA,Pubs And Bars,Monte Carlo Hotel and Casino 3770 Las Vegas Blvd S The Strip Las Vegas NV 89109,1,0,"loud",3.0,
fZVZeZJkziJ7B1rIcmT3Iw,Pubs And Bars,6515 S Jones Blvd Spring Valley Las Vegas NV 89118,1,0,"loud",3.5,
VC24HxKvTi_2ZVWiC3j1MQ,Pubs And Bars,1518 Montford Dr South Park Charlotte NC 28209,1,0,"loud",3.0,
PeQ3gtLHAg9ov0YuM-m21A,Pubs And Bars,32 E Chester St Champaign IL 61820,1,0,"average",3.5,
drqCrnSqtGffJ1z60aWkxg,Pubs And Bars,660 West Warner Road Tempe AZ 85284,1,0,"average",3.0,
vkQDObdBffLtHxJ_s8rgOQ,Pubs And Bars,1744 S Val Vista Dr Ste 101 Mesa AZ 85204,1,0,null,3.0,
6JaonzYu24vAR8xe3bKe6w,Pubs And Bars,5325 S Fort Apache Rd Spring Valley Las Vegas NV 89148,0,0,null,3.5,
y-kH7jF1mG5GXmejbHJ_Ag,Pubs And Bars,2875 S Nellis Blvd Sunrise Las Vegas NV 89121,0,0,null,3.5,
iPIbM34qhj3Slz1HiWVYVg,Pubs And Bars,8410 W Cheyenne Ave Northwest Las Vegas NV 89129,1,0,"average",3.5,
lzl3cfgVEGMtezF8oRqXDA,Pubs And Bars,8168 Las Vegas Blvd S Southeast Las Vegas NV 89123,1,0,"average",4.0,
dfb_VmNKMJ8QjVi48y5vcQ,Pubs And Bars,1383 E Silverado Ranch Blvd Southeast Las Vegas NV 89123,1,0,"quiet",3.0,
yfzr4CJpDnbMYq91ADc9dQ,Pubs And Bars,6235 S Decatur Blvd Las Vegas NV 89118,1,0,"average",3.5,
xK8WQgALQcP673X3VGvqOA,Pubs And Bars,Lake Las Vegas Resort 40 Via Bel Canto Henderson NV 89011,1,0,"average",3.5,
05tazaFQt1EnQ_Gk_1AFyg,Pubs And Bars,New York New York Hotel and Casino 3790 Las Vegas Blvd S The Strip Las Vegas NV 89109,1,0,"loud",4.0,
P8-k3G0pCBmOcfNaA63oLg,Pubs And Bars,310 E Warm Springs Rd Southeast Las Vegas NV 89119,0,0,null,4.0,
upEYCgGGZOuTvwzqnKZK5g,Pubs And Bars,425 Fremont St Downtown Las Vegas NV 89101,1,0,"average",3.0,
ywnY2EoUlboGgmXTuczbYQ,Pubs And Bars,4424 W Spring Mountain Rd Chinatown Las Vegas NV 89102,1,0,"loud",3.5,
wrkErbl0Pi4mszqdqQ8_8g,Pubs And Bars,10767 N 116th St Scottsdale AZ 85250,1,0,"very_loud",3.5,
wv2AUfRGki23WqQ5nul6Pw,Pubs And Bars,199 E Warm Springs Rd Southeast Las Vegas NV 89119,1,0,"average",3.5,
zENkQ3CGMkANafH0jwIn_A,Pubs And Bars,1825 E Baseline Rd # 1 Tempe AZ 85283,1,0,"average",4.0,
Zt5l6Ka68O1Hukw4Eoa4Tw,Pubs And Bars,2000 South Blvd Ste 150 South End Charlotte NC 28203,1,0,"average",3.5,
6TuM3UyFP9O9uzTP0dVZMw,Pubs And Bars,7704 E. Doubletree Ranch Rd Scottsdale AZ 85258,1,0,"average",4.0,
JyJDtNQYszK_MmEmzhkoDw,Pubs And Bars,10075 S Eastern Ave Anthem Henderson NV 89052,1,0,"average",3.0,
LczmFOyHd7US9DlxC4FUWg,Pubs And Bars,674 S Whitney Way Madison WI 53711,1,0,null,3.0,
57YV3wsiNBp-aK25qjUeww,Pubs And Bars,1989 W Elliot Rd Chandler AZ 85224,1,0,"average",4.0,
bwaj94niH8eOG5p31IKB6Q,Pubs And Bars,1341 W Warm Springs Rd Henderson NV 89014,1,0,"average",3.0,
-EctXOb3B7T177jGYUhjVA,Pubs And Bars,530 W Broadway Tempe AZ 85282,1,0,"average",4.0,
P66sz7bv4Kf0hpv99EJRkg,Pubs And Bars,1611 Aspen Commons Middleton WI 53562,1,0,"average",3.0,
JeXAH4ViHZpZi7RMC-NQjw,Pubs And Bars,1421 Regent St Vilas Madison WI 53711,1,1,"average",3.0,
6FFLrPh0z_U6JpIUANuaYw,Pubs And Bars,3265 Saint Rose Pkwy Southeast Henderson NV 89052,1,0,"average",3.5,
Gq092IH6eZqhAXwtXcwc6A,Pubs And Bars,8 S San Marcos Pl Chandler AZ 85225,1,0,"loud",4.0,
M8h8cZ4YYFVH8yNHZuKIVg,Pubs And Bars,20469 N Hayden Rd Scottsdale AZ 85255,1,1,"average",3.5,
TfTlOE6h9E9o34dEkw9L_w,Pubs And Bars,628 E Adams St Phoenix AZ 85004,1,0,"average",3.5,
FaiULYK26388GWz7v6tKpA,Pubs And Bars,2050 N Alma School Rd Ste 8 Chandler AZ 85224,1,0,null,3.5,
9kOeqJmBrieJpTWMih50dA,Pubs And Bars,8350 S Rainbow Blvd Southwest Las Vegas NV 89139,1,0,"average",3.5,
6t6D-6Y3MZXW-ASFnestMQ,Pubs And Bars,New York-New York Las Vegas Hotel & Casino 3790 Las Vegas Blvd S The Strip Las Vegas NV 89109,1,0,"loud",4.0,
zgyAbIVPD5Vjcsn4EkKLKg,Pubs And Bars,Green Valley Ranch Resort & Spa 2305 Paseo Verde Dr Henderson NV 89052,1,1,"loud",4.0,
sxQiL_xBP0AuTWVWEQ9Lzg,Pubs And Bars,3219 N Hayden Rd Scottsdale AZ 85251,1,0,"average",3.5,
BpSLpzq_NRYghGSsb10G3A,Pubs And Bars,9201 N 29th Ave Phoenix AZ 85051,1,0,"average",4.0,
1cryKcsY47JGigLuUeMsTw,Pubs And Bars,1958 E 7th St Elizabeth Charlotte NC 28204,1,0,"loud",3.5,
56dxeiBfZkfPi9od9meJYQ,Pubs And Bars,MGM Grand 3799 Las Vegas Blvd S Eastside Las Vegas NV 89109,1,0,"quiet",4.0,
UOLoBdnMv0Nsxdxe8xKbYQ,Pubs And Bars,925 E Apache Blvd Tempe AZ 85281,1,0,"average",4.0,
9vr4pVexU8hhnbQBJECzmg,Pubs And Bars,2405 Allen Blvd Middleton WI 53562,1,0,"average",4.0,
TMhYpQaDcL8UNIKRB7Vebg,Pubs And Bars,8933 JM Keynes Dr Ste 2 University City Charlotte NC 28262,1,0,"very_loud",2.5,
R4mr0sYATMaYHBLDKiglEQ,Pubs And Bars,4755 Spring Mountain Rd Chinatown Las Vegas NV 89136,1,0,"average",3.5,
ponsgEoUUKJwr-TzcM4BLQ,Pubs And Bars,419 N Neil St Champaign IL 61820,1,0,null,4.5,
QBJrNGuM7A8V3amEKBlpOw,Pubs And Bars,Rio Hotel and Casino 3700 W Flamingo Rd Las Vegas NV 89103,1,0,"very_loud",2.5,
Z2wbbAfIFOo-_8dA5owFYQ,Pubs And Bars,1308 The Plaza Plaza Midwood Charlotte NC 28205,1,0,null,3.5,
j7_lgtKqdtNCzf-Jk9jyrA,Pubs And Bars,2000 E Rio Salado Pkwy Tempe AZ 85281,1,0,"average",2.5,
ckUOdIfdL9Hl5FJy5VS60g,Pubs And Bars,25 S Main St Belmont NC 28012,1,0,"loud",3.5,
1TuDep1-bkTot7PQU3_ceg,Pubs And Bars,420 Gammon Way Madison WI 53774,1,0,null,2.5,
9qPMGhdVhsltbuBssHUnVA,Pubs And Bars,400 E Morehead St South End Charlotte NC 28202,1,0,null,3.0,
fM1IIa5mRAVoS10l0aFT1w,Pubs And Bars,16100 Arrowhead Fountains Way Peoria AZ 85385,1,0,null,3.5,
TwMfahsPHFnkLiqqvyalAQ,Pubs And Bars,1010 W Southern Ave Mesa AZ 85210,1,0,"very_loud",3.0,
41t-hpClH6k5ZlK39Q3WIQ,Pubs And Bars,1442 E Lake Mead Pkwy Henderson NV 89015,1,0,"average",3.0,
0vC19KuagYe9RUXKDP13_Q,Pubs And Bars,710 W Trade St Third Ward Charlotte NC 28202,1,0,"loud",3.0,
DL8sIhW5Ew7dXvYxEOj9TQ,Pubs And Bars,4432 N Miller Rd Ste 107 Scottsdale AZ 85251,1,0,null,3.0,
YqRptNqPphwwP4Cg2sYQ2g,Pubs And Bars,7436 Mineral Point Rd Madison WI 53717,1,0,"loud",2.5,
RZma06CqXbOIMzTQL-eJFQ,Pubs And Bars,10715 Boulevard Pie Montréal QC H1H,1,0,null,2.5,
tlbDEz7YHDo4diBKf8cynQ,Pubs And Bars,351 Roy Rue E Montreal QC H2W 1N1,0,1,null,4.0,
4Af4jxTcRFvKWqSVBZK4dw,Pubs And Bars,318 rue Ontario Est Montréal QC H2X 1H6,1,1,"loud",4.0,
4FYJ6pJWYsF0FIhOONUf1g,Pubs And Bars,245 Rue Sherbrooke W Montreal QC H2X 1X7,1,0,"loud",4.0,
3FHNMT6IX1j60cutRxkKCQ,Pubs And Bars,9 Rue Duluth E Montreal QC H2W 1G7,1,0,"loud",4.0,
Yz_5BP77Ml3TaEMycEq1Ig,Pubs And Bars,4350 rue Saint-Denis Montréal QC H2J 2L1,1,0,"loud",3.5,
FPR-1Ujh6-LldyseoQ_zlg,Pubs And Bars,1550 Avenue Mont-Royal est Montréal QC H2J 1Z2,1,0,"very_loud",4.0,
kHB5JPUzZIkK9CxgJrXx4g,Pubs And Bars,1474 Rue St.Catherine East Montréal QC H2L 2J1,1,1,"very_loud",3.5,
G_t-j_iRy3_6hYZiVoEwqA,Pubs And Bars,2049 Rue Saint-Denis Montréal QC H2X 3K8,1,0,"loud",4.0,
T5sjJYrlArW46ecxlbKZ2w,Pubs And Bars,29 av Laurier Ouest Montreal QC H2T 2N2,1,0,"loud",4.5,
HFqH6JCFlG1IdYy-LzvDww,Pubs And Bars,1749 rue Saint-Denis Montreal QC H2X 3K4,1,0,"loud",3.5,
flbOzx2qP3M3F_AMRO8s5w,Pubs And Bars,1426 Rue Bishop Montreal QC H3G 2E6,1,0,"loud",3.5,
qcvFNvkneWv1zePa3Uq6-w,Pubs And Bars,1189 Rue de La Montagne Montréal QC H3G 1Z2,1,0,"average",4.0,
UxXT8TmSiIwSh1J-V_KSlg,Pubs And Bars,1225  Rue Crescent Montréal QC H3G 2B1,1,0,"average",4.0,
-BmTlLuabuOD81-_9Q3rvg,Pubs And Bars,1219 Rue Crescent Montreal QC H3G 2B1,1,0,"loud",3.5,
6BSbEy8nXqz5lwNRH6fwCg,Pubs And Bars,636 Rue Cathcart Montréal QC H3B 1L9,1,0,"loud",3.5,
chIyU8aGX4zct6GJqKWTOQ,Pubs And Bars,1196 Rue Peel Montréal QC H3B 2T6,1,0,"loud",3.0,
XZwfnxbL06zFuKQ8o2JbQA,Pubs And Bars,1224 rue Bishop Montréal QC H3G 2E3,1,0,null,4.5,
NqelJlme2RN0RxcmO6lxmw,Pubs And Bars,1210 Rue Peel Montreal QC H3B 2T6,1,0,"loud",3.0,
zDPxzo3Mo8WsnpQHsFYcUw,Pubs And Bars,1250 rue de Bleury Montréal QC H3B 2W4,1,0,"average",4.0,
kiwUEhj2KXh4krPqX13bnA,Pubs And Bars,1234 Bishop Street Montréal QC H3G 2E3,1,0,"loud",3.5,
XelBL_N-n-y1221tRAcZ0w,Pubs And Bars,1455-59 Rue Crescent Montreal QC H3G 2B2,1,0,"loud",3.5,
zhANvzCjhC1UjA5Jni3yrA,Pubs And Bars,5563 Monkland Avenue Montréal QC H4A 1E1,1,0,"very_loud",3.5,
FikydBNpLHb7-eHJdwUIDg,Pubs And Bars,170 University Avenue W Waterloo ON N2L 3E9,1,0,"average",3.5,
jPfaWUZtRKj3Lo7dNz6Lnw,Pubs And Bars,272 King Street N Waterloo ON N2J 2Y9,1,0,"loud",4.0,
-2BNc33MHRuXljtCkXcLPg,Pubs And Bars,59 King Street N Waterloo ON N2J 2X2,0,0,null,2.5,
kR8vQCRSXAydvrHna840Yw,Pubs And Bars,33 Erb Street W Waterloo ON N2L 1S8,1,0,"very_loud",3.5,
U9O4sfjPcf12oCrd2JHgDg,Pubs And Bars,509 Wilson Avenue Kitchener ON N2C 2M4,1,0,null,2.5,
kW2z_zC2lWHixLRc-z0XWw,Pubs And Bars,56 King Street N Waterloo ON N2J 2X1,1,0,"very_loud",3.5,
OT9beQMl26vCW2WQF5Ft5w,Pubs And Bars,707 King St E Cambridge ON N3H 3N8,0,0,null,4.0,
W_iTJxla_wCcEs28FBanNg,Pubs And Bars,5956 Executive Dr. Fitchburg WI 53719,1,0,null,3.5,
TZ2sCVzt6QxkjfDD-hbIfw,Pubs And Bars,7631 Sharon Lakes Rd Suite L Charlotte NC 28210,0,0,null,4.0,
WNAXjdM0UysofhY5_3Legw,Pubs And Bars,507 E 36th St NoDa Charlotte NC 28205,1,0,"average",4.0,
-4XBX2pNLrGmRK-7YoXtsg,Pubs And Bars,12210 Copper Way Ballantyne Charlotte NC 28277,1,0,"average",3.5,
Nm9_4UEQgZ8nKTtgXKTNPQ,Pubs And Bars,16840 N 83rd Ave Peoria AZ 85382,1,0,"loud",2.5,
k-Qn8eTYiPuupKbvPS1I9A,Pubs And Bars,2609 E Washington Ave Starkweather - Yahar Madison WI 53704,1,0,"average",4.5,
q-hsairntIcaUs2BCQ07Fw,Pubs And Bars,335 N Graham St Third Ward Charlotte NC 28263,1,0,"loud",4.0,
IfI74YIJHnz6Zr1PsfzcYA,Pubs And Bars,993 Market St Baxter Village Fort Mill SC 29708,1,0,"average",3.5,
LY_N7ALZ59BlCZIktlp13Q,Pubs And Bars,4601 American Pkwy Madison WI 53718,1,0,"average",3.5,
2QFLBJ8tTHT7WrrOOD5HrQ,Pubs And Bars,2496 Rue Notre-Dame W Montréal QC H3J 1N4,1,0,"average",4.0,
2rT4LrsGGd9mjerwEWKfYw,Pubs And Bars,4800 Monroe Rd Cotswold Charlotte NC 28263,1,1,null,3.0,
2LZtHTbbN5xA3PcPzFsXlQ,Pubs And Bars,71-73 York Place New Town New Town Edinburgh EH1 3JD,1,0,null,3.5,
XeX67II3LlNJ49-sg4gDig,Pubs And Bars,4-6 S Bridge Newington Edinburgh EH1 1LL,1,1,"very_loud",3.0,
NXsVHhf1WBhjNPCVlT4dEw,Pubs And Bars,69 Easter Road Leith Edinburgh EH7 5PW,0,0,null,3.0,
tAoUsufHhcTRZEBTwmC68g,Pubs And Bars,11 St Vincent Street Stockbridge Edinburgh EH3 6SW,1,0,null,4.0,
KqgeyLdYbfsd9veyR6UGtw,Pubs And Bars,18 Hamilton Place Stockbridge Edinburgh EH3 5AU,1,0,"average",3.5,
Nq_BMV7kyx9_C3w0Jip6CA,Pubs And Bars,30-34 Candlemaker Row Old Town Edinburgh EH1 2QE,1,0,"average",3.5,
zBG2vQ0A6F5HQkv_aeWfAQ,Pubs And Bars,1-3 S Bridge Old Town Newington Edinburgh EH1 1LL,1,0,"loud",3.5,
zpsDyx9wh7LYjtBLTpu_-w,Pubs And Bars,1-5 W Register Street New Town Edinburgh EH2 2AA,1,0,null,4.0,
-F1ktE7JM6vpIoF16CAyjQ,Pubs And Bars,126-128 George Street New Town Edinburgh EH2 4JN,0,0,null,4.0,
QPsNlmETw14k-_RqX-RULw,Pubs And Bars,54 George IV Bridge Old Town Edinburgh EH1 1EJ,1,0,"average",4.0,
pM4RA9OXTsJn7cR9ilsmQA,Pubs And Bars,11-13 Grassmarket Grassmarket Edinburgh EH1 2HY,1,0,null,3.0,
yH9ir4281i2RHsXtfzghvg,Pubs And Bars,260 Leith Walk Leith Edinburgh EH6 5EL,0,0,null,1.5,
8uMP4kv2Je6rM9ZNz0apGw,Pubs And Bars,25-27 Greenside Place Edinburgh EH1 3AA,1,0,null,4.0,
VxbK-VANsEOzqxTh_GzvzQ,Pubs And Bars,9 Hunter Square Newington Edinburgh EH1 1QW,1,0,"loud",3.5,
2Yd7GEhU7uqzraztlLpWKQ,Pubs And Bars,29-31 William Street West End Edinburgh EH3 7NG,1,0,"average",3.5,
xFz5u2Tgv1RYmqYZ9kUFFQ,Pubs And Bars,80 West Bow Grassmarket Edinburgh EH1 2HH,1,0,"quiet",4.0,
5v2WUEmIPU8jTmOQ9xhcGA,Pubs And Bars,4 South Charlotte Street New Town Edinburgh EH2 4AW,1,0,null,2.5,
Rphay8MhjPIGMcSVVucB8w,Pubs And Bars,18-22 Greenside Place New Town Edinburgh EH1 3AA,1,1,null,3.5,
01lSqf42wyNaiEmNgIrutg,Pubs And Bars,232 Canongate Old Town Edinburgh EH8 8DQ,1,1,"average",3.5,
j_Osmk22IY88-f8Bzr3m-g,Pubs And Bars,1-3 Haymarket Terrace West End Edinburgh EH12 5EZ,0,0,null,4.0,
MQo3FnweaE37sEDoG7hU5w,Pubs And Bars,45 Shore Leith Edinburgh EH6 6QU,1,0,null,4.5,
-Ub3g_uP6XqUtZwy5k8jPg,Pubs And Bars,13 Ettrick Road Edinburgh EH10 5BJ,1,0,null,3.5,
LrQlUZI63FLf6SjiiJbu5A,Pubs And Bars,127 High Street Old Town Edinburgh EH1 1SG,1,0,null,4.0,
kzy5m93T7mbZJe9heq4PUA,Pubs And Bars,65 Lothian Road Old Town Edinburgh EH1 2DJ,1,0,"average",3.0,
ZRYZBtiRjjYqA8ohMoRn-Q,Pubs And Bars,11-13 N Bank Street Old Town Edinburgh EH1 2LP,1,1,"loud",2.5,
dXPmE2ncXbQTPBVNRODuNw,Pubs And Bars,1a Chambers Street Newington Edinburgh EH1 1HR,1,0,"loud",3.0,
2wXPLsK6VmbAzxlDhHEedA,Pubs And Bars,26 William Street West End Edinburgh EH3 7NH,1,0,null,4.0,
eGSVt9Mi1a0zuzZdASWsuQ,Pubs And Bars,85 St Leonards Street Newington Edinburgh EH8 9QY,1,0,null,3.0,
9O8V7j5otIRfNQ1SZy7vyg,Pubs And Bars,45 Home Street Tollcross Edinburgh EH3 9JP,0,0,null,3.0,
YALY5WpYfQxSrBd3x6r8ZQ,Pubs And Bars,14 Forrest Road Old Town Edinburgh EH1 2QN,0,0,null,3.5,
y7kvhDT_VfcpcINliAuSBw,Pubs And Bars,69 Home Street Tollcross Edinburgh EH3 9JP,1,0,"average",4.0,
jDdvx9jM96Z9NHfH1hPOCg,Pubs And Bars,5 Leith Street New Town Edinburgh EH1 3AT,1,0,null,3.0,
igGKppVRUIyuk1osdDSZuQ,Pubs And Bars,256-260 Morrison Street Haymarket West End Edinburgh EH3 8DT,0,0,null,3.0,
YspXC-yvNkG-HS53_eEd5g,Pubs And Bars,3 Dublin Street New Town Edinburgh EH1 3PG,1,0,null,3.5,
-wZiBWQZgk-n_QlBjVurgw,Pubs And Bars,Clydesdale Bank Plaza 50 Lothian Road West End Edinburgh EH3 9BY,1,0,null,3.0,
Q5XL0WU3xnr4JkaNXhHUNQ,Pubs And Bars,110-114 Rose Street New Town Edinburgh EH2 3JF,1,0,"loud",3.5,
3-0GopzawxFcEfRo2rHxdg,Pubs And Bars,297 Leith Walk Leith Edinburgh EH6 8SA,0,0,null,2.0,
IitYJB93bLyYJSjR91V-OQ,Pubs And Bars,212 Cowgate Newington Edinburgh EH1 1NQ,1,0,"loud",3.5,
dMHrqTMZaBeM7M3vD3w03w,Pubs And Bars,17 Market St Old Town Edinburgh EH1 1DE,1,0,null,3.5,
bVzxcFYr95ovU8-ZbGqXXw,Pubs And Bars,1 Queensferry Street West End Edinburgh EH2 4PA,1,0,null,3.0,
CDbIgngwhfr6GaeMPrNf3g,Pubs And Bars,39 Thistle Street New Town Edinburgh EH2 1DY,1,0,null,4.5,
hyhOOR7_wTcgdYksAS7g3Q,Pubs And Bars,32 W Nicolson Street Newington Edinburgh EH8 9DD,1,0,"average",4.0,
wdZ2duZwzcsbLQRgWvcQBw,Pubs And Bars,34 Grassmarket Grassmarket Edinburgh EH1 2JU,1,0,"average",3.5,
XD07ebgIm0JGM44AVg7Ojg,Pubs And Bars,49 Frederick Street New Town Edinburgh EH2 1EP,1,0,"loud",4.0,
3gxGprHLDbnrkCeDMOLZqg,Pubs And Bars,41 Lothian Street Newington Edinburgh EH1 1HB,1,0,null,4.0,
GMLIZSl24UX4A5q87B34AA,Pubs And Bars,81-85 Broughton Street New Town Edinburgh EH1 3RJ,1,0,"average",3.5,
NXkcUzGTO6HX-XvHGjMgfg,Pubs And Bars,152-154 Rose Street New Town Edinburgh EH2 3JD,1,0,"average",4.0,
_50oWtn7U0FklAk613FVRA,Pubs And Bars,7 James Court Old Town Edinburgh EH1 2PB,1,0,"average",4.0,
kXUkFlyFS7x2RiCBYR45ew,Pubs And Bars,46-48a Broughton Street New Town Edinburgh EH1 3SA,1,0,null,3.0,
VOkUje9gCy1G0B42sYPARA,Pubs And Bars,12a Broughton Street Lane New Town Edinburgh EH1 3LY,1,0,"loud",4.0,
4JZ1K4t_Ndifri8GVFswcw,Pubs And Bars,80 Queen Street New Town Edinburgh EH2 4NF,0,0,null,3.5,
Tol1dkLb7Z05d-X5QhjjHw,Pubs And Bars,1 Infirmary Street Newington Edinburgh EH1 1LT,1,0,"quiet",4.0,
38Bdmo0KzZ_9tjL0mq2u8g,Pubs And Bars,13a-14 Melville Place West End Edinburgh EH3 7PR,1,0,null,3.5,
ZCexyTHsxm3ucDFdnYillQ,Pubs And Bars,168 Rose Street New Town Edinburgh EH2 4BA,0,0,null,3.0,
Goufn_bfgUHZlzxT1LHW6Q,Pubs And Bars,8 Leven Street The Meadows Edinburgh EH3 9LG,1,0,"average",3.5,
3Ms_jV2Pp2VFfz8CqZcDjw,Pubs And Bars,11-15 Cockburn Street Old Town Edinburgh EH1 1BP,1,0,null,3.5,
ehC0mPcX_XbXKmMXZjUMxg,Pubs And Bars,65 South Clerk Street Newington Edinburgh EH8 9PP,1,0,"average",3.0,
EcCzmA_FJDGRgRfhjCOMBQ,Pubs And Bars,18-20 Grassmarket Grassmarket Edinburgh EH1 2JU,1,0,"average",3.5,
IcEQ1-pYdL9oPRQs7BakZw,Pubs And Bars,32-34 Potterrow Newington Edinburgh EH8 9BT,1,0,null,3.5,
QYwnYMzjXESzEjc-yAHC1A,Pubs And Bars,266 Canongate The Royal Mile Old Town Edinburgh EH8 8AA,1,0,"average",3.5,
IxE1-n6xZTFBkCkT1E-rvw,Pubs And Bars,33 Candlemaker Row Old Town Edinburgh EH1 2QG,1,0,"average",4.0,
IxCgVy219bfbRq7xEwODAQ,Pubs And Bars,The Smithies 49-51 Eyre Place Cannonmills Edinburgh EH3 5EY,0,0,null,4.0,
6RVoRilHow-zehz_qVZQCA,Pubs And Bars,26 George IV Bridge Old Town Edinburgh EH1 1EN,1,1,"average",3.0,
IUa2l15oFsROPt7amiod2Q,Pubs And Bars,71 Elm Row Leith Edinburgh EH7 4AQ,1,0,"average",2.5,
CjXMqzgucLNyPF49NopgUA,Pubs And Bars,14 Drummond Street Newington Edinburgh EH8 9TU,1,0,"average",4.0,
nN4EZPWX0BLEZVIvT8eyFA,Pubs And Bars,48 Cockburn Street Old Town Edinburgh EH1 1PB,1,0,null,3.5,
7gpHmcUwRdxeerBzkfJzWg,Pubs And Bars,45 Elm Row Leith Edinburgh EH7 4AH,1,0,"average",3.5,
OCmUiw241pE_nqFmjDiicw,Pubs And Bars,22-26 South Clerk Street Newington Edinburgh EH8 9PR,1,0,"average",3.5,
7nq3_FM-ydtlcI3pfxqspA,Pubs And Bars,142 Dundas Street Stockbridge Edinburgh EH3 5DQ,0,0,null,4.5,
Ucm6_V9o5yWjbknDXbosyQ,Pubs And Bars,61a Frederick Street New Town Edinburgh EH2 1LH,0,0,null,2.5,
yMqqf7wYgrOzZWWOAn0n4g,Pubs And Bars,17 Iona Street Leith Edinburgh EH6 8SG,1,0,null,3.0,
_FYQoe7HOV7_RIM_rnDssw,Pubs And Bars,1 Northumberland Place New Town Edinburgh EH3 6LQ,1,0,null,3.5,
D_RvESm_VexDLwAmiL7Csg,Pubs And Bars,35 Hanover Street New Town Edinburgh EH2 2PJ,1,0,null,3.0,
qubGE1ESrd-lrVjQsXq5Ag,Pubs And Bars,17 Frederick Street New Town New Town Edinburgh EH2 2EY,1,0,"average",3.5,
wBJPRDsFjbGV_jutOOwvMQ,Pubs And Bars,Edinburgh Art College 74 Lauriston Place Grassmarket Edinburgh EH3 9DF,0,0,null,4.5,
6qhU8s192K0_qM7N3dEEjw,Pubs And Bars,92 Grassmarket Grassmarket Edinburgh EH1 2JR,1,0,"average",4.0,
Qrqi9uBLZA37CWLlzYBfUA,Pubs And Bars,112 Hanover Street New Town Edinburgh EH2 1DR,1,0,"loud",4.0,
QOpL8Ni1wZTeQKxkrlfDXg,Pubs And Bars,44 Queen Charlotte Street Leith Edinburgh EH6 7EX,1,0,null,3.5,
6z7SIoKLSl3kj8iWgTStpg,Pubs And Bars,32 Northumberland Street New Town Edinburgh EH3 6LS,1,0,null,3.5,
TnMJmcHi9m7qFAB2jBnDZA,Pubs And Bars,11-13 Tarvit Street Tollcross Edinburgh EH3 9LB,1,0,"average",3.5,
HN_P-QEpETCKpuIH9XFKGw,Pubs And Bars,47-49 Deanhaugh Street Stockbridge Edinburgh EH4 1LR,1,0,"average",4.0,
kZ6EYZox-LTTHIePnI2W9A,Pubs And Bars,4-6 Dean Street Stockbridge Edinburgh EH4 1LW,0,0,null,4.0,
cVXhTMuzAs4-qdMiCb8ysw,Pubs And Bars,131-133 High Street Old Town Edinburgh EH1 1SG,1,0,"quiet",3.5,
lbmc6CVmw2bIYxo8azhyPg,Pubs And Bars,42 Bernard Street Leith Edinburgh EH6 6PR,1,0,null,4.0,
tc_obXJFYvztKFrV4cnzoA,Pubs And Bars,1 St Andrew's Square New Town Edinburgh EH2 2BD,1,0,null,3.0,
1h__4qbRjvyVvVwCgbKroA,Pubs And Bars,1 Albany Street New Town Edinburgh EH1 3PY,1,0,null,4.0,
a7tpayb23j4Q4C9yUmCuWg,Pubs And Bars,62-66 George Street New Town Edinburgh EH2 2LR,1,0,"loud",3.0,
kIH0JLW5zFTJrrSchsIb2w,Pubs And Bars,8 Young Street New Town Edinburgh EH2 4JB,1,0,"quiet",3.5,
ArxAsJCSrHL43hCWVyS-Fg,Pubs And Bars,159 Rose Street New Town Edinburgh EH2 4LS,1,0,"quiet",3.5,
QtRb1x7ZaloKcbk09-ZJrg,Pubs And Bars,42-44 Buccleuch Street Newington Edinburgh EH8 9LP,1,0,"average",4.0,
W14JnCeUsYPWYH8jlC7mXg,Pubs And Bars,43 Leith Street Edinburgh EH1 3AT,1,0,"loud",4.5,
gqieCffMWjRTRIqdeXcvXQ,Pubs And Bars,25 Broughton Street New Town Edinburgh EH1 3JU,1,0,null,3.5,
x02bWSJbx3VLZg6QytDpxQ,Pubs And Bars,73 Cockburn Street Old Town Old Town Edinburgh EH1 1BU,1,0,"average",4.0,
wJL_KCCKzAod2b-GFete2A,Pubs And Bars,74/78 Grassmarket Old Town Grassmarket Edinburgh EH1 2JR,1,0,"average",3.5,
ZhHHFrMlIO_J74TuOyspbQ,Pubs And Bars,167 Canongate Old Town Edinburgh EH8 8BN,1,0,"average",4.0,
ykj9Np6WWL-Txw84_eLgIw,Pubs And Bars,3 Cowgatehead Grassmarket Edinburgh EH1 1JY,1,1,null,3.0,
Q4NNptiJQ8mgxPhj_20zDw,Pubs And Bars,7 West Port Grassmarket Edinburgh EH1 2JA,0,0,null,4.0,
pNozqOyMv4gq7IUYEdhpHA,Pubs And Bars,11-14a W Maitland Street West End Edinburgh EH12 5DS,1,0,null,3.0,
VtwMVVgeAOCosAO_Il9WYg,Pubs And Bars,65/67 Canongate Old Town Edinburgh EH8 8BT,1,0,"average",4.0,
OQFCVAIrw6eqtRhK3ZB0MA,Pubs And Bars,2 - 4 Hope St New Town New Town Edinburgh EH2 4DB,1,0,"loud",3.0,
uEhkWNsb06nujbzchgwffw,Pubs And Bars,2 Spittal Street Old Town Edinburgh EH3 9DX,1,0,"average",4.0,
CI7v3zgHIau9KFthWOS-IA,Pubs And Bars,36 The Shore Leith Edinburgh EH6 6QU,1,0,"average",4.0,
XikYtr6sqjd8a1PpaLIfwg,Pubs And Bars,58 The Shore Leith Edinburgh EH6 6RA,1,0,"quiet",3.5,
NbW0Azo0swqYwmwF-RtFQw,Pubs And Bars,15 Brougham Place Tollcross Edinburgh EH3 9JX,0,0,null,3.5,
9bc_di3jCXrfxq3oNGdGsw,Pubs And Bars,24 Fleshmarket Close 199 High Street Old Town Old Town Edinburgh EH1 1BX,1,0,"average",4.0,
u9hGlRb_D9K6qsZnd_14SA,Pubs And Bars,100-102 Rose St New Town New Town Edinburgh EH2 2NN,1,0,null,3.0,
pSMiXmZDUHo-OLM-ixv3pw,Pubs And Bars,20 Young Street New Town Edinburgh EH2 4JB,1,0,"average",4.0,
-flBRdUY-Nu42fKHC0GxBg,Pubs And Bars,197 High Street Old Town Old Town Edinburgh EH1 1PE,1,0,"quiet",3.5,
V3EZvbbj-IH35wmrTUQy8Q,Pubs And Bars,23 Elm Row New Town Edinburgh EH7 4AA,0,0,null,3.0,
UKNAZDpXLkiNB4XcsdlEJQ,Pubs And Bars,26 Brougham Street Tollcross Edinburgh EH3 9JH,1,0,"quiet",4.0,
CaJ6CI2VEpA6Jk9gRDD87w,Pubs And Bars,2 Jamaica St New Town Edinburgh EH3 6HH,1,0,"average",4.0,
_OMHnjSbCW9T-PqHkdW4Kw,Pubs And Bars,182-184 Morrison Street West End Edinburgh EH3 8EB,1,0,"average",4.0,
laWCOP3z_Wcl4xk-nSmcUA,Pubs And Bars,101 Shandwick Place West End Edinburgh EH2 4SD,1,0,null,3.5,
mJWZVocHYy1nc6-pyh02lw,Pubs And Bars,3-7 W Richmond Street Newington Edinburgh EH8 9EF,1,0,null,3.5,
6VIOw-CtnSQmDjWTwij4-A,Pubs And Bars,113-115 George St New Town New Town Edinburgh EH2 4JN,1,0,"loud",3.5,
iaArZBU6dJBemOxk41xrEQ,Pubs And Bars,115 Broughton Street New Town Edinburgh EH1 3RZ,1,0,"average",3.5,
zORH1_OWemteuO5CkLUbSA,Pubs And Bars,57-59 Roseburn Terrace Haymarket Edinburgh EH12 5NQ,1,0,"average",3.5,
NNjr2Wa08L1xwCnWLFpe2w,Pubs And Bars,435 Lawnmarket Old Town Old Town Edinburgh EH1 2NT,1,0,"average",3.0,
DF5N-CTHtLvqsQag3BaTYA,Pubs And Bars,170 Rose Street New Town Edinburgh EH2 4BA,1,0,null,3.0,
bKQKBSntnGeBmRZ7P3shpA,Pubs And Bars,30a Chambers Street Old Town Edinburgh EH1 1HU,1,1,"very_loud",3.0,
Rjn1XBvXHembele8yOBd6Q,Pubs And Bars,Omni Centre 23-24 Greenside Place Edinburgh EH1 3AA,0,0,null,3.5,
K1wnx9iJ4RW02ymQAyVTOQ,Pubs And Bars,4 South College Street Newington Edinburgh EH8 9AA,0,0,null,4.0,
YwTf_6efSQUnBQFZtk6G_g,Pubs And Bars,3 Robertsons Close Newington Edinburgh EH1 1LY,1,0,"very_loud",3.0,
YO_zbgknfQMHmmVn5uygaQ,Pubs And Bars,6 Johnston Terrace Old Town Edinburgh EH1 2PW,1,0,null,3.5,
kRZL2tQ0j1VEFVRpBg6GcA,Pubs And Bars,7-8 Elm Row New Town Edinburgh EH7 4AA,0,0,null,3.0,
eR8_nPEZHNF65QB4k7AzDA,Pubs And Bars,23-25 William Street West End Edinburgh EH3 7NG,1,0,null,3.5,
xkzPVPhdsQolnUuW6YVbZA,Pubs And Bars,6 Baxter's Place New Town Edinburgh EH1 3AF,1,1,null,3.0,
4EQEcYHR-aa7jfNA1LsCJA,Pubs And Bars,1 - 3 Cumberland Street New Town Edinburgh EH3 6RT,1,0,"average",4.5,
JwdUmaRj9XEeOJXS9xC0uQ,Pubs And Bars,26b Dublin Street New Town Edinburgh EH3 6NN,1,0,null,4.0,
W1oVUlhgNOdFzg6nP5R-aw,Pubs And Bars,7b Randolph Place New Town Edinburgh EH3 7TH,0,1,null,3.5,
v792Ffl5dnGm2PoM0t6yng,Pubs And Bars,16 S Fort Street Leith Leith Edinburgh EH6 4DN,1,0,null,4.0,
WF8gD7D9loI3CIKgUj1msA,Pubs And Bars,1 High Street Old Town Edinburgh EH1 1SR,1,0,null,3.5,
LL3C4gU3i4rPZ0f1PbdvEg,Pubs And Bars,22 Fleshmarket Close Newington Edinburgh EH1 1DY,1,0,null,3.5,
4Vxe1XCWbijE-d9Cl8zI2w,Pubs And Bars,1 Roseburn Terrrace Haymarket Edinburgh EH12 5NG,1,0,"average",3.5,
-7AHN3pbNd9XQCKg1zsxew,Pubs And Bars,367 Leith Walk Leith Edinburgh EH6 8SE,1,0,null,3.0,
R-llVP3aaloadjw3h2O0ww,Pubs And Bars,133-135 Lothian Road Old Town Edinburgh EH3 9AD,0,0,null,4.0,
-G512P1yvA-P_EOm5kptSw,Pubs And Bars,38 West Nicolson Street Old Town Newington Edinburgh EH8 9DD,1,0,"loud",3.5,
ByoPCUfRROwAMQIK0_MJ2g,Pubs And Bars,183 Constitution Street Leith Leith Edinburgh EH6 7AA,1,0,null,3.0,
xy3RGcgJFKSpkMh78Ig7QQ,Pubs And Bars,521 Lawnmarket Old Town Edinburgh EH1 2PE,1,0,null,3.0,
qoyOMslTY3UkYG_dyGQn3A,Pubs And Bars,25 Forrest Road Old Town Edinburgh EH1 2QH,1,0,"average",4.0,
F581rqv-78A6ytcFa8_MBw,Pubs And Bars,2 Brougham Street Tollcross Edinburgh EH3 9JH,1,0,null,3.5,
QAIU0HXZlP8axPkeGCpTSQ,Pubs And Bars,55-57 Rose Street New Town Edinburgh EH2 2NH,1,0,null,3.0,
VHehbRMOnPFVjnNdKGf-qQ,Pubs And Bars,10a-12a Broughton Street New Town Edinburgh EH1 3RH,1,0,"average",4.0,
AQyqlSpv0o9jCPSoP0PpfQ,Pubs And Bars,233-235 Causewayside Newington Edinburgh EH9 1PH,1,0,null,4.0,
MChDCe2bopMtQgPjj1XxpQ,Pubs And Bars,134 Dundee Street Edinburgh EH11 1AJ,1,0,"average",3.5,
_6l_vm7_maYTfO5tpei27A,Pubs And Bars,Mortonhall Gate Edinburgh EH16 6TJ,0,0,null,4.5,
xGLrhhi5VIw3OYpVnpzycw,Pubs And Bars,200 Dalkeith Road Edinburgh EH16 5DT,1,0,null,3.0,
zuJjXpfrYg9ntpc9_ntZMA,Pubs And Bars,22 Marchmont Cresent Marchmont Edinburgh EH9 1HG,1,0,null,3.5,
jspKsL56WcCw7RfiFba-Vg,Pubs And Bars,118-120 Biggar Road Edinburgh EH10 7DU,1,0,"quiet",2.5,
BP6audhs1USL9w5xUk1NpQ,Pubs And Bars,73 Gorgie Road Edinburgh EH11 2LA,0,0,null,2.5,
1bzAJS6Q01QPTQueO6Lb_w,Pubs And Bars,1 Grange Road Newington Edinburgh EH9 1UH,1,0,null,3.5,
8-itK75RRevbtfJUAhvpOA,Pubs And Bars,168 Morningside Road Morningside Edinburgh EH10 4PU,1,0,"average",3.0,
-ao1RsaDsxmxYmwz2erMkQ,Pubs And Bars,35 Polwarth Cresent Edinburgh EH11 1HR,0,0,null,3.5,
m0yOk-81jhCxUXy4_hqMpw,Pubs And Bars,43-45 The Causeway Duddingston Edinburgh EH15 3QA,1,0,"quiet",4.0,
IiC6oUw1oKuqENp9o1t-Mw,Pubs And Bars,1 Ratcliffe Terrace Newington Edinburgh EH9 1SX,1,0,null,3.0,
1kPt0cfoTDLAeUfaS3QWnQ,Pubs And Bars,27 Lanark Road Edinburgh EH14 1TG,0,0,null,3.5,
B0csIf32_FRjO2DB-YMUHA,Pubs And Bars,316 Gorgie Road Edinburgh EH11 2QZ,1,0,null,3.5,
dPt1IxHyu69JtWVxWLwUNQ,Pubs And Bars,27 Spylaw Street Edinburgh EH13 0JT,1,0,null,3.5,
r_F1jMySiWH2qpaNVvORJg,Pubs And Bars,100 Lindsay Road Newhaven Leith Edinburgh EH6 4TZ,1,0,null,3.0,
9Hf23TI_eyV_jg5dyNxKjQ,Pubs And Bars,36 High St South Queensferry EH30 9HN,1,0,null,3.5,
72aMHZszkTpCV_c5VwPiZA,Pubs And Bars,69 Lauriston Farm Road Edinburgh EH4 5EX,1,0,"average",3.0,
5_8_OHXxqh_vxerqfZKAiQ,Pubs And Bars,92 Gorgie Road Edinburgh EH11 2NP,1,0,null,3.0,
Uc9hyrcz2WuBG4UHwVs6Sw,Pubs And Bars,St Andrews Square George Street New Town Edinburgh EH2 2BH,0,0,null,2.0,
Rs105GJSlx0gQ3Axn0r3yg,Pubs And Bars,3-4 Downie Terrace Edinburgh EH12 7AU,0,0,null,3.5,
DidPx4BwuFP1LwVFwibYqg,Pubs And Bars,2 Montrose Terrace Old Town Edinburgh EH7 5DL,1,0,"average",4.0,
NYSi8a4-NABF5X_nqOXG5g,Pubs And Bars,536 Gorgie Road Midlothian Edinburgh EH11 3AL,0,0,null,3.5,
nJ7K_pduBPMmHnnWIWICoA,Pubs And Bars,1-2 Moat Place Edinburgh EH14 1NY,1,0,null,3.5,
F_ASRRQjDpNx6bX4WqvpDA,Pubs And Bars,7 Belhaven Terrace Morningside Edinburgh EH10 5HZ,1,0,"average",3.5,
i5xZH0BOCRWCA3EwJw8tug,Pubs And Bars,1A Chambers Street Newington Edinburgh EH1 1HR,1,1,"average",4.5,
-aQiJlBuJsUcBCVgdW3u6A,Pubs And Bars,Unit 8 Omni Ctr Greenside Pl New Town Edinburgh EH1 3BN,1,0,"very_loud",3.0,
vqt2i3rfprEtqXDRHM1Xgw,Pubs And Bars,237 Morningside Road Morningside Edinburgh EH10 4QU,1,0,"average",3.5,
yTs75deYJ18Htn5f0TtYGw,Pubs And Bars,87 Portobello High Street Edinburgh EH15 1AW,0,1,null,4.0,
1jTLAXGm25CAmBNZc4baJg,Pubs And Bars,51-53 Newhaven Place Leith Edinburgh EH6 4TX,1,0,null,3.5,
EKzKPolF0e53GIEymVvxAQ,Pubs And Bars,30 Yeaman Place Edinburgh EH11 1BT,1,0,null,4.0,
Gb74AYaYVyGQhkLgf9OQ8w,Pubs And Bars,12-14 Bridge Road Colinton Village Edinburgh EH13 0LQ,1,0,null,4.5,
HZ-krNNTDn32p-o2tCBYBg,Pubs And Bars,393 Gilmerton Road Edinburgh EH17 7PX,1,0,"average",2.5,
R2bLIgvH9EDd8v72z9xvHg,Pubs And Bars,108 St Johns Road Edinburgh EH12 8AX,0,0,null,2.5,
8IyIf_v6azdjsTe6WzKd4w,Pubs And Bars,5 High Street Lasswade EH18 1NA,1,0,"average",3.5,
Pfgte-eEN0hvzpL9sVBUJA,Pubs And Bars,30-31 Wrights Houses Edinburgh The Meadows Edinburgh EH10 4HR,1,0,"average",3.5,
WoqzO-JZ51Gx3zSoFkSpaA,Pubs And Bars,88 Dalry Road Haymarket West End Edinburgh EH11 2AX,1,0,null,2.5,
kMXFP97-copDbFE5jimhiw,Pubs And Bars,15-17 Argyle Place Marchmont Edinburgh EH9 1JJ,1,0,"average",4.0,
aJxxX8_jS_MokUr8uAk6GA,Pubs And Bars,1-3 Angle Park Terrace Edinburgh EH11 2JX,1,0,"average",3.5,
MhoFBlAVz1dI4dO0iggwug,Pubs And Bars,Edinburgh Airport 175 Jubilee Road Edinburgh EH12 9DN,1,0,null,3.5,
2aBTRy6MxW-TvIDphn-AEQ,Pubs And Bars,1 Comiston Road Morningside Edinburgh EH10 6AA,1,0,null,3.0,
UO6N3R4-oAFQ_7EpdS1m4A,Pubs And Bars,26-28 Shandwick Place West End Edinburgh EH2 4RT,1,0,null,3.0,
N9p41uAx9P7Hm2xQJ14j1g,Pubs And Bars,39 Leith Walk Leith Edinburgh EH6 8LS,1,0,null,3.5,
hF9xedbhPeTwqg6bZilnhQ,Pubs And Bars,227-229 Gorgie Road Edinburgh EH11 1TU,0,0,null,2.5,
eF4Z2n6kQ95nWURt_5BMGA,Pubs And Bars,4-6 Fishmarket Square Leith Edinburgh EH6 4LW,0,0,null,4.0,
V43ZSii2SQ8DPlag09Ty9A,Pubs And Bars,91 Newcraighall Road Musselburgh EH21 8RX,1,0,null,2.5,
JsATmMz_EBHlALIYzs9qLg,Pubs And Bars,32 Trinity Crescent Leith Edinburgh EH5 3ED,1,0,"average",3.5,
_ZEt6rod-HGNWhFkX0qmJw,Pubs And Bars,Penicuik EH26 0PP,1,0,null,4.0,
TTFeXOruMGQt0MM2zvSGAA,Pubs And Bars,30 Niddry Street Newington Edinburgh EH1 1LG,1,0,"loud",3.5,
SJyBZwwmVcF9bMI94iIgTg,Pubs And Bars,Omni Ctr Leith Walk Edinburgh EH1 3AJ,1,0,null,3.0,
PcmstjcdLFk6SOR4qMWu_g,Pubs And Bars,1 Maxwell Street Morningside Edinburgh EH10 5HT,0,0,null,3.5,
18GAPkBBiFaFbpZ6yzqTIQ,Pubs And Bars,25 Causewayside Newington Edinburgh EH9 1QF,1,0,null,2.0,
iSBjkEtNobyK8iUGMXDNmA,Pubs And Bars,17 Corstorphine High Street Edinburgh EH12 7SU,1,0,"quiet",3.5,
8JNqUTrXATJyNet8kL85Qg,Pubs And Bars,1 Haymarket Terrace West End Edinburgh EH12 5EY,1,0,"average",3.5,
MRJ3f9ftGH1vlvbVIfVpUw,Pubs And Bars,1-2 West Preston Street Newington Newington Edinburgh EH8 9PX,1,0,null,3.5,
kyxxu2aKTdd_2rFlZmDeHw,Pubs And Bars,26-28 Hillhouse Road Edinburgh EH4 2AG,0,0,null,4.0,
-kgjZ9tMM_MfXohtPTv40Q,Pubs And Bars,44 Joppa Road Edinburgh EH15 2ET,1,0,null,4.0,
HrXaNbN9X_qgAUHWBlPJtA,Pubs And Bars,58 Angle Park Terrace Edinburgh EH11 2JR,1,0,null,3.5,
wMFqv2QBSzk3XqY7l4UOtg,Pubs And Bars,41 Lothian Street Newington Edinburgh EH1 1HB,0,0,null,4.5,
akaS7xoYKHKmwAD7xQ7owg,Pubs And Bars,27 Baird Road Ratho EH28 8RU,1,0,"very_loud",3.5,
oPn0u6DcIeT7dZmpPCaU9A,Pubs And Bars,20 Kirk Loan Edinburgh EH12 7HD,0,0,null,4.5,
2KiXw5gtGJfDK1jw9jJ5wA,Pubs And Bars,1227 Monterey St North Side Pittsburgh PA 15212,1,0,"average",4.5,
p5ReAGpy8zqtrUtAXQnD-Q,Pubs And Bars,801 S Power Rd Mesa AZ 85206,1,0,null,1.5,
PdTOGCRK-ZXBYIhlHQXDhg,Pubs And Bars,2127 Ayrsley Town Blvd Steele Creek Charlotte NC 28273,1,0,null,3.0,
F1qVJwZrwzHc0OjolMPK_g,Pubs And Bars,58 S San Marcos Pl Chandler AZ 85225,1,0,"average",3.0,
P9zs1E1Z4JqIR-zPmD1URw,Pubs And Bars,4421 Butler St Lawrenceville Lawrenceville PA 15201,1,0,"average",4.0,
h16e3XoDeeNdWjOT7JtRnw,Pubs And Bars,6929 Aliante Pkwy Las Vegas NV 89084,1,0,"average",3.5,
dAMoHX6zBR4uvwKx6SetmQ,Pubs And Bars,221 N Rampart Blvd Westside Las Vegas NV 89145,1,0,"average",3.0,
o2lSpk7qafaiY1brDw8J6A,Pubs And Bars,4 High St Old Town Newington Edinburgh EH1 1TB,1,0,"loud",3.5,
rn1AwDcGftmxlvmu5K99eg,Pubs And Bars,1 Global Pl Glendale AZ 85306,1,0,"quiet",5.0,
iU_UJZYFr1UjOecE57pgoQ,Pubs And Bars,94-96 Grassmarket Grassmarket Edinburgh EH1 2JR,1,0,"loud",3.5,
YLLgpK6W2JSO4QLT-LM2Fw,Pubs And Bars,8350 Grand Teton Dr. Centennial Las Vegas NV 89129,1,0,"average",3.0,
kGhwcN6hgxeJEZtNrKJnpg,Pubs And Bars,321 Bigham St Mt. Washington Pittsburgh PA 15211,1,0,"loud",4.0,
FeI75xIG8PF_XZ6P80gLBQ,Pubs And Bars,705 N 1st St Phoenix AZ 85004,1,0,"average",3.5,
lYgJt5XnKTEjnBPx-aEztw,Pubs And Bars,32 The Shore Leith Leith Edinburgh EH6 6QN,1,0,"average",3.5,
dwA1xZctBTqYzcvTUwc6Zw,Pubs And Bars,32 Forrest Rd Old Town Edinburgh EH1 2QN,1,0,"loud",3.0,
DMjGB9va_stopLPfUYJelA,Pubs And Bars,407 Cinema Dr South Side Pittsburgh PA 15203,1,0,"loud",3.0,
K9rlhLtpGjpzcVqZ3qxmug,Pubs And Bars,6610 S Fort Apache Ave Spring Valley Las Vegas NV 89148,1,1,"average",3.0,
o_HVMHPQwnuJj7yqn_c5lg,Pubs And Bars,3737 East Washington Ave Mayfair Park Madison WI 53704,1,0,"quiet",3.5,
fytNHpJ5Js9hkD_cQO8rBA,Pubs And Bars,229 Leith Walk Leith Edinburgh EH6 8NY,1,0,"average",4.0,
rR_szXNwNQB-MgEoTElb8Q,Pubs And Bars,2705 S Water St South Side Pittsburgh PA 15203,1,1,"very_loud",4.0,
mJfIIl-i3NYiIR9Gzs48LQ,Pubs And Bars,1524 East Blvd Dilworth Charlotte NC 28203,1,0,"average",4.0,
JHhc2uG504k5j-laxFJ0yg,Pubs And Bars,7071 Kickaboo Rd. Waunakee WI 53597,1,0,null,3.0,
MXOdsPTLQPsQK9hUq01DWg,Pubs And Bars,4801 E Indian School Rd Phoenix AZ 85018,1,0,"average",3.5,
gfMBYc8GW9aitUbcvPgPDg,Pubs And Bars,167 Rose Street Edinburgh New Town Edinburgh EH2 4LS,0,0,null,3.0,
8LmoxL6HvQodk0l5PPgaFw,Pubs And Bars,1412 rue Sainte-Elisabeth Montréal QC H2X 3C6,1,0,"average",4.0,
Qjl6aqudDq7LJYEC8uCkdw,Pubs And Bars,45-47 Lothian Street Newington Edinburgh EH11 1HB,1,0,"quiet",3.5,
8DJsERBVM0Em96dDKxKSlw,Pubs And Bars,7 Merchant Street Old Town Edinburgh EH1 2QD,1,1,"average",3.5,
_ZyFytyHTuYJoZgwj7yitQ,Pubs And Bars,4432 N Miller Rd Scottsdale AZ 85251,1,0,"loud",3.5,
HEZ8O_EvIBLHKgo93IkGTA,Pubs And Bars,5832 Forward Ave Squirrel Hill Pittsburgh PA 15217,1,0,null,2.5,
4OV711euaaxtp5bBIfiNMQ,Pubs And Bars,120 N Neil St Champaign IL 61820,1,0,"average",4.0,
5ZuOpHt4cRcVL9x4bb6VIA,Pubs And Bars,265 Leith Walk Leith Edinburgh EH6 8PD,1,0,"average",4.0,
eQX9DwovKIwB5FncvOMhMQ,Pubs And Bars,6646 Superstition Springs Mesa AZ 85206,1,0,"average",3.0,
g8dcjPzIJGwY-u4GAeHxnQ,Pubs And Bars,New York-New York Las Vegas Hotel & Casino 3790 Las Vegas Blvd S The Strip Las Vegas NV 89109,1,1,"average",3.0,
WGcY8_1NjbEdg57qgB8BEA,Pubs And Bars,13230 Carowinds Blvd Steele Creek Charlotte NC 28273,1,0,"loud",3.0,
xsSnuGCCJD4OgWnOZ0zB4A,Pubs And Bars,1760 W Chandler Blvd Ste 2 Chandler AZ 85224,1,0,"average",4.0,
sCP15vpcbWEGqhNtFFd1AQ,Pubs And Bars,1 Comiston Road Morningside Edinburgh EH10 6AA,1,0,null,3.5,
6uZqR0MsU9UMEX_FftYSdA,Pubs And Bars,4700 S Maryland Pkwy University Las Vegas NV 89119,1,0,"average",4.0,
ZztUsJyGDwPySepmXRG13g,Pubs And Bars,502 S College Tempe AZ 85281,1,0,"average",3.0,
3C84uawGg_icNH4BNiSmjQ,Pubs And Bars,1590 E Flamingo Rd Eastside Las Vegas NV 89119,1,0,"average",3.5,
fWEqiLMhZngOIaCfED-M4A,Pubs And Bars,7 Hunter Square Old Town Newington Edinburgh EH1 1QW,1,0,"average",3.5,
tTVe5wrzCVEMPzBNmdgM3A,Pubs And Bars,114 Atwood St Oakland Pittsburgh PA 15213,1,0,"quiet",3.5,
Fq1mqtxs32EkSRx8RZ7dSg,Pubs And Bars,1949 W Ray Rd Ste 11 Chandler AZ 85224,1,0,"average",2.5,
H-pXhtIE-rRfHiusL685ng,Pubs And Bars,403 W University Dr Tempe AZ 85281,1,0,"average",4.5,
bFIOaAXd7iv6Zvnqx7D71A,Pubs And Bars,955 E University Dr Tempe AZ 85281,1,0,"loud",3.5,
WkGl46RIsgyhqj5CSPejSQ,Pubs And Bars,10940 S Eastern Ave Anthem Henderson NV 89052,1,0,"average",3.0,
rEOLxrWxlE0k6Sbtp5c8Rg,Pubs And Bars,4670 Rue Saint-Denis Montréal QC H2J 2L3,1,0,"average",2.5,
y3BaMdz1A_Bd6xYLquh5gQ,Pubs And Bars,3400 W Chandler Blvd Ste 5 Chandler AZ 85226,1,0,"average",3.5,
MzbPhJboUwkdthdwkpqmiw,Pubs And Bars,3740 S Nellis Blvd Las Vegas NV 89121,1,0,"average",4.0,
aPr3BWg1qUwr4V3KkOAYug,Pubs And Bars,93-95 Buccleuch Street Newington Edinburgh EH8 9NG,1,0,"average",4.0,
QzdxRy3SJZ_JdngcherBcg,Pubs And Bars,238 E Main St Sun Prairie WI 53590,1,0,"average",3.5,
yZwWJQmisOgR5r1hMaTGyg,Pubs And Bars,222 E Olin Ave Madison WI 53713,1,0,"average",4.0,
jp82a8K8z2p_LYzh6v3JjQ,Pubs And Bars,140 Brevard Ct Uptown Charlotte NC 28202,1,0,"average",4.5,
CchFSMdUDeAB_jvVjRt-0Q,Pubs And Bars,6840 Northlake Mall Dr Charlotte NC 28216,1,0,"loud",3.0,
z4ZMFSxRJGLIbOY33V3jvA,Pubs And Bars,11416 E Independence Blvd Ste K Matthews NC 28105,1,0,"quiet",4.5,
rHkS1Lnz2VyHJez6Ppa3-w,Pubs And Bars,49 Rose Street New Town New Town Edinburgh EH2 2NH,1,0,"very_loud",3.5,
d7vskTZ_tjTW3FsRF-NUug,Pubs And Bars,1221 The Plz Charlotte NC 28205,1,0,"average",3.5,
CUjHTa8fE_0NhNA_I9E1XQ,Pubs And Bars,328 Atwood St Oakland Pittsburgh PA 15213,1,1,"very_loud",4.5,
d1soHzaIu_jE6CrODyjPaQ,Pubs And Bars,850 Ohio River Blvd Avalon Pittsburgh PA 15202,0,0,null,3.5,
m44ff_iCoKOxKE5Yrk0C4w,Pubs And Bars,1129 Ravine St Homestead PA 15120,1,0,null,3.0,
hkvmfv2v6y5rmhWBqnSkSA,Pubs And Bars,630 S Millvale Ave Bloomfield Pittsburgh PA 15224,1,0,"average",4.5,
nilhvDCyVBuv7gnNkPWZQg,Pubs And Bars,734 Brookline Blvd Brookline Pittsburgh PA 15226,1,1,"loud",3.5,
172WuaexC5-K1_uzufxn3Q,Pubs And Bars,39 Jamaica Street West New Town Edinburgh EH3 6HF,1,0,"average",4.5,
CU5d1QN2A5cgcR9zmLVS0g,Pubs And Bars,20 W Mifflin St Capitol Madison WI 53703,1,0,"average",4.0,
di0k415NkTOQp6mZ6AbTOQ,Pubs And Bars,1265 John Q Hammons Rd Madison WI 53717,1,0,"average",3.0,
IeUfyhkxRHoz1nhrvzOJdA,Pubs And Bars,5445 Simmons Street North Las Vegas NV 89031,1,0,"average",4.0,
nzyXuP1HlxvUxZTLNJWiBg,Pubs And Bars,2520 E Craig Rd North Las Vegas NV 89030,1,0,"average",3.0,
Ew2JBmTFhGTm6Uk6WMc8RA,Pubs And Bars,3114 E Cactus Rd Phoenix AZ 85032,0,0,null,3.5,
Y5IwyffEF0MhRZxMheJ0pA,Pubs And Bars,640 S Mill Ave Ste 120 Tempe AZ 85281,1,1,"average",3.5,
mAlREmwuZNrn9dmoDBE8fw,Pubs And Bars,1243 E Sahara Ave Downtown Las Vegas NV 89104,0,0,null,4.5,
NUl8uEz5ijDAZvkgCQrrpA,Pubs And Bars,2135 E Centennial Pkwy Las Vegas NV 89081,1,0,"very_loud",3.5,
9S1tgwjtErBJywAlXuSIlw,Pubs And Bars,5630 S Hualapai Way Spring Valley Las Vegas NV 89148,1,0,"quiet",4.0,
tv75WjU8kSLuau56e7r70w,Pubs And Bars,1331 S Boulder Hwy Henderson NV 89015,0,0,null,3.0,
xKoTdBxoSr08IJKq0WASqw,Pubs And Bars,301 N Craig St Oakland Pittsburgh PA 15213,1,0,"average",3.5,
NjHwPn2d3TL_xxnheXoSmw,Pubs And Bars,20 Rue Prince Arthur Ouest Montréal QC H2X 1S3,1,0,"loud",4.5,
1ZszZEN9jaUbz3ylEUOUvg,Pubs And Bars,29-35 Niddry Street Newington Edinburgh EH1 1LG,1,1,"loud",3.5,
WjLtEWGvPSIfwMZXUMHX8g,Pubs And Bars,337 N Shore Dr North Side Pittsburgh PA 15212,1,0,"very_loud",3.0,
gSawKODjaZuijWuBoUNSIg,Pubs And Bars,284 Bonnington Road Leith Edinburgh EH6 5BE,1,0,null,3.5,
SczkajqoJLycUK_yedMzGw,Pubs And Bars,3-5 Rose Street New Town Edinburgh EH2 2PR,1,0,"quiet",4.0,
InBpvDr0st8bpX6Io3CxHA,Pubs And Bars,66 South Bridge Newington Edinburgh EH1 1LS,1,0,null,2.5,
1Uc8ehbpZYqXCGj2G_DU0w,Pubs And Bars,44 W Crosscauseway Newington Edinburgh EH8 9JP,1,0,null,4.0,
QQbUf3pDMwVhzDxOGhCU4w,Pubs And Bars,30 - 32 Bread Street Old Town Edinburgh EH3 9AF,1,0,"loud",3.5,
QmTGCPfHt2L7Og9W7XnOMA,Pubs And Bars,14 Forrest Road Old Town Old Town Edinburgh EH1 2QN,1,0,"average",3.5,
kO4i97vayoJlrrBvNpbf2g,Pubs And Bars,114 Causewayside Newington Newington Edinburgh EH9 1PU,0,0,null,4.0,
CcORzaj1ss2hxp-78jtDSg,Pubs And Bars,12 Grassmarket Grassmarket Edinburgh EH1 2JU,1,1,null,3.5,
DKuFuQsYljAejfmiEG9rDw,Pubs And Bars,58 Dalkeith Road Newington Edinburgh EH16 5AD,1,0,null,3.5,
D2o7d1lDPaz66_CqCkAZfw,Pubs And Bars,23-25 St Leonard's Street Newington Edinburgh EH8 9QN,1,0,"loud",4.0,
rk8XdNAzw9wT-YQwkSrWvg,Pubs And Bars,4-6 Alvanley Terrace The Meadows Edinburgh EH9 1DU,1,0,"average",3.0,
L1xI-zId4h2mL26C6D0ZeA,Pubs And Bars,18-22 Clerk Street Newington Edinburgh EH8 9HX,1,0,null,2.5,
y8iabIrlbl_zTbHkSScLLw,Pubs And Bars,28 Greenside Row Edinburgh EH1 3AJ,1,0,"loud",3.5,
b_YLXCHmz45Kv1Fk8q3ADQ,Pubs And Bars,2-4 Raeburn Pl Stockbridge Edinburgh EH4 1HN,1,0,"average",3.5,
KeB7A7vUQG1dg6a0R43khw,Pubs And Bars,2513 Seiferth Rd Madison WI 53716,1,1,"average",4.0,
_31B--Q8eNp8ZLQ8bJabOw,Pubs And Bars,Waverley Railway Station Old Town Edinburgh EH1 1BB,1,0,"average",2.5,
T1b4sjLLxwln8YJoBbwyng,Pubs And Bars,77 Clerk Street Newington Edinburgh EH8 9LF,1,0,null,2.5,
-GZsHVDlI6wvLsgD1Yaj0g,Pubs And Bars,520 Fremont St Ste 101 Downtown Las Vegas NV 89101,1,0,"average",4.0,
nhKVwGPmDjMDTOygMh1Rqg,Pubs And Bars,9-13 Market Street Old Town Old Town Edinburgh EH1 1DE,1,0,"very_loud",3.5,
2G-I9lROOVwkIkBSE8iVZg,Pubs And Bars,210 E Trade St Ste 148-C Uptown Charlotte NC 28202,1,0,"average",3.5,
jKtlmVwJiILyVUIW87E1hw,Pubs And Bars,23/24 Sandport Place Leith Leith Edinburgh EH6 6EW,1,0,"average",4.0,
vGWHIHPd96AgAoykWPNCFw,Pubs And Bars,168 Rose Street New Town New Town Edinburgh EH2 4,0,0,null,4.5,
9X-4Z7QAmzXqitPDe3PcKA,Pubs And Bars,5757 Wayne Newton Boulevard Southeast Las Vegas NV 89120,1,0,null,3.0,
tky30BR1tGMN0554iNEYuQ,Pubs And Bars,6720 W Cheyenne Ave Northwest Las Vegas NV 89108,1,1,"average",3.5,
k8Vih-WEeO5Jmilhbm2xmg,Pubs And Bars,922 Penn Ave Downtown Pittsburgh PA 15222,1,0,"average",3.5,
ho96ys485-7NJMfDXvFZNA,Pubs And Bars,65 Henderson Street Leith Edinburgh EH6 6ED,1,0,"average",4.0,
EfKu8rNBm9GWeUAmXfyRPQ,Pubs And Bars,24 Howe Street New Town Edinburgh EH3 6TG,0,0,null,3.5,
jLyC-1SYH7eXJEpVaZjMCg,Pubs And Bars,5860 Avenue de Lorimier Montréal QC H2G 2N9,1,0,null,4.0,
h3pSnF4XNz0bXup9EQbIDQ,Pubs And Bars,298 Leith Walk Leith Edinburgh EH6 5BU,1,0,null,3.5,
pXpjArpg7mdmn3ujSlFBUg,Pubs And Bars,1281 S Decatur Blvd Westside Las Vegas NV 89102,1,0,"average",3.5,
T5PXQ46NDK9pV9ztsojcdg,Pubs And Bars,45 Ratcliffe Terrace Newington Edinburgh EH9 1SU,1,0,"average",4.0,
MJuJi5bRJJZIFPo8JfCQkQ,Pubs And Bars,37 - 39 Leven Street The Meadows Edinburgh EH3 9LH,0,0,null,3.0,
xuuJSD0Wjc1WMIbAIEObng,Pubs And Bars,30 Cramond Glebe Rd Cramond Village Edinburgh EH4 6NU,1,0,"average",3.5,
TD93tTmCi3zFdeWR6Ckj5Q,Pubs And Bars,105 Lauriston Place Old Town Edinburgh EH3 9JG,1,0,"loud",3.5,
Io1aKHCNygwdRyOpexok1Q,Pubs And Bars,57-61 Blackfriars Street Newington Edinburgh EH1 1NB,0,0,null,5.0,
WW0dse3O1iLqiR-DxjTVBA,Pubs And Bars,127 N Tryon St Unit 8 Fourth Ward Charlotte NC 28202,1,0,"very_loud",3.5,
iqSs3u2rlsiCDPu-jWj0Jw,Pubs And Bars,Riviera Hotel 2901 Las Vegas Blvd S The Strip Las Vegas NV 89109,1,0,"average",3.5,
Y2ClurK-CH47qiaxwyu4WQ,Pubs And Bars,Gottesauerstr. 23 76131 Karlsruhe,1,0,"average",4.0,
QW2ZAJDLNJfq1tezuB6aOg,Pubs And Bars,Pfinztalstraße 39 76227 Karlsruhe,1,0,null,4.5,
rpSKQ-pHcRxKCNuhoEZ2iw,Pubs And Bars,Kreuzstr. 10 76133 Karlsruhe,1,0,null,3.0,
1vObhKVuXQF7YX5R6qxwVA,Pubs And Bars,Kriegsstrasse 276 76135 Karlsruhe,1,1,"average",4.0,
mJxdH_5Oy4kARMwO4KF_bg,Pubs And Bars,Sophienstr. 35 76133 Karlsruhe,1,0,null,3.0,
UR74mUyGwu2lKDmPELcPZg,Pubs And Bars,Kronenstr. 3 76133 Karlsruhe,1,0,null,4.0,
HRJXrlHvba77mu4Yyi0QQA,Pubs And Bars,128 George Street New Town Edinburgh EH2 4JZ,0,0,null,2.5,
XIG3djQzkwR4qdCgG87Z3Q,Pubs And Bars,167 Rose St New Town Edinburgh EH2 4,1,0,"average",3.5,
n_n_WnX-CrjOLpHDr6Xgzg,Pubs And Bars,Kaiserallee 23 76133 Karlsruhe,1,0,null,3.0,
GuNsp9jyyZkk-_1-Bd4ltQ,Pubs And Bars,Bruchsaler Str. 22 76356 Weingarten,1,0,"average",4.0,
czgjSyG-L0SgA2KU9Fa80w,Pubs And Bars,Wielandtstr. 18 76137 Karlsruhe,0,0,null,4.5,
g054F0-_WB-J3aufvR9XBA,Pubs And Bars,2-6 Rutland Place West End Edinburgh EH1 2AD,1,1,"very_loud",3.5,
qjM94mEJRjhcFZfjJ0zXVg,Pubs And Bars,Kaiserstr. 142 76133 Karlsruhe,1,0,null,3.5,
QJsgf4Vcj6ZAKmbt4LPtXQ,Pubs And Bars,Rintheimer Str. 23 76131 Karlsruhe,1,0,null,5.0,
nPoGKt8T9V2pILdK1f7ZpA,Pubs And Bars,Hirschhof 5 76133 Karlsruhe,0,0,null,4.0,
wb_EtII5_-kMzYGFC6cD1Q,Pubs And Bars,Leopoldstr. 15 Innenstadt West 76133 Karlsruhe,1,0,null,4.0,
BVDo1Kgdi-_-vql5IEX3cg,Pubs And Bars,George Sq Newington Edinburgh EH8 9,1,0,null,4.0,
PA_uPKMxTSkVJUlrNJ7mfA,Pubs And Bars,24-26 W Preston Street Newington Edinburgh EH8 9PZ,1,0,"average",4.0,
FOBG-LVQuWK1HxVfec85Eg,Pubs And Bars,17 W Register Street New Town Edinburgh EH2 2AA,1,0,null,2.5,
oUwpku1TJrlRAe43D4aAOA,Pubs And Bars,9B Victoria Street Grassmarket Edinburgh EH1 2HE,1,1,"average",3.0,
Tr_vIZJtsZzM7XWuEGYxgQ,Pubs And Bars,62-64 Bath Street Edinburgh EH15 1HF,1,0,"average",3.5,
WzL3daO29hcteDG1WdRotQ,Pubs And Bars,22 Castle Street New Town Edinburgh EH2 3HT,1,0,"loud",3.5,
8MxY8ckIhcRgK_zkAq1lYA,Pubs And Bars,35 London Road Edinburgh EH7 5BQ,0,0,null,3.5,
0OME57wDp-KrqTJgkFlQCQ,Pubs And Bars,12806 S Tryon St Steele Creek Charlotte NC 28273,1,0,null,3.5,
_9RMCiDFajX48k12XLnYgg,Pubs And Bars,1 Canonmills Cannonmills Edinburgh EH7 4,1,0,null,3.5,
0tvp5-2PyQlIsbCl4mxh2Q,Pubs And Bars,185 Morrison Street West End Edinburgh EH3 8DZ,1,0,null,3.5,
IQgYEAssY8LN1OzDDVeD2Q,Pubs And Bars,85-87 Fountainbridge West End Edinburgh EH3 9PU,1,0,null,3.5,
LyW3_k60HBDG_wIQuvsCbA,Pubs And Bars,7 Newhalls Road Edinburgh EH30 9TA,1,0,null,3.5,
-n09dvqcKYzZeen4HdqReQ,Pubs And Bars,159 Constitution Street Leith Edinburgh EH6 7AD,1,0,null,2.5,
VcaZryq9wXA7Uy8U_RTYhw,Pubs And Bars,7315 W Warm Springs Rd Southwest Las Vegas NV 89113,1,0,"average",4.0,
obd-z3P4N5WOwXVvAKtL9Q,Pubs And Bars,3515 rue Saint-Laurent Montréal QC H2X 2T6,1,0,"average",3.5,
hKmjsDS-nK-cPyUyix-PiQ,Pubs And Bars,6570 S Buffalo Dr Spring Valley Las Vegas NV 89113,1,0,"average",4.0,
MW-PC5Vpb9Gaq8cGxJ8Chg,Pubs And Bars,1187 Fischer Hallman Road Kitchener ON N2E 4H9,1,0,"average",3.0,
Nqcl3hDLyiwNQBxQpKCdIQ,Pubs And Bars,7260 S Cimarron Rd Southwest Las Vegas NV 89113,1,0,"average",3.5,
wndLfeIcNttkK9jHpF6fsg,Pubs And Bars,790 Coronado Center Dr Ste 130 Anthem Henderson NV 89052,1,0,"average",4.0,
sIrAwrRPM4KTD6fajS4_fQ,Pubs And Bars,104 Hanover Street New Town Edinburgh EH2 1DR,1,0,null,3.5,
Ntzv4OWdwq1lNW7lnTJoyg,Pubs And Bars,3770 S Hualapai Way South Summerlin Las Vegas NV 89147,1,0,"average",4.0,
9GHHH-edaSLwKZahZTdM3g,Pubs And Bars,107 State St Capitol Madison WI 53703,1,0,"average",3.0,
G_bvx3BjuoWr9A_zfdZ6IQ,Pubs And Bars,812 W Ann Rd Las Vegas NV 89031,1,0,"loud",2.5,
xdVoVO0SjRth_Af5mtOvTg,Pubs And Bars,876 Jupiter Dr McClellan Park Madison WI 53718,1,0,"average",4.0,
KP-wkqDHczO7i5Vm_sUhAg,Pubs And Bars,4140 S Durango Dr Spring Valley Las Vegas NV 89147,1,0,"average",4.0,
AYPTLvxlCw2euajnglksTA,Pubs And Bars,Scottsdale Plaza Resort 7200 N Scottsdale Rd Scottsdale AZ 85253,1,0,"average",3.0,
d3BX7NS69ZPZP2EdS4UfSw,Pubs And Bars,322 Lakeshore Rd Pointe-Claire QC H9S 4L7,1,0,"average",3.0,
X5_uXVICzEZF9acoPXXr1Q,Pubs And Bars,5550 Saint Laurent Montréal QC H2T 1S8,1,0,"loud",3.5,
MC8Fv4Hd4reUsTKJYoZPfg,Pubs And Bars,3213 N Davidson St NoDa Charlotte NC 28205,1,0,"average",4.0,
2Py-jEUcmmoHjTHvly7iIw,Pubs And Bars,25 Buchanan Street Leith Edinburgh EH6 8SQ,1,0,"average",4.5,
T6hYDhIZAzPW98_OEbqOSw,Pubs And Bars,650 W Apache Trl Apache Junction AZ 85120,1,0,"average",4.5,
jWCL1LjdDBklc1K7hvFMIw,Pubs And Bars,101 Colinton Road Edinburgh EH14 1AL,1,0,null,3.0,
qRBeZAFiId0ainBtpFSGuQ,Pubs And Bars,4855 E Warner Rd Ste A31 Phoenix AZ 85044,1,0,"average",3.5,
EYFV3b2fkt1fOqYnasonfA,Pubs And Bars,510 E John St Champaign IL 61820,1,0,"loud",2.0,
jmgKs7CTqSWWwJnFnPIf4A,Pubs And Bars,The Shoppes at Mandalay Bay Place 3930 Las Vegas Blvd S The Strip Las Vegas NV 89119,1,0,"average",4.0,
SSIseZSpw6eol3G4Q1hFsg,Pubs And Bars,10648 S Maryland Pkwy Southeast Henderson NV 89052,1,0,null,3.5,
lXDnJYOJBYmNQcJuywuZJQ,Pubs And Bars,312 North Myers St Ste 109 First Ward Charlotte NC 28202,1,1,"average",4.0,
ViCyCbRJu6tvzLutn4szGQ,Pubs And Bars,143 Cowgate Newington Edinburgh EH1 1JS,1,0,"average",4.5,
FURgKkRFtMK5yKbjYZVVwA,Pubs And Bars,5223 N Central Ave Phoenix AZ 85012,1,0,"average",4.0,
kEcBrySoVcimKF25wLtgmQ,Pubs And Bars,2661 Notre-Dame Ouest Montréal QC H3J 1N9,1,0,"average",3.5,
dWW6PSpvxTXH0aDnYwU-fQ,Pubs And Bars,2750 E Craig Rd West of I-15 North Las Vegas NV 89030,1,1,"average",3.0,
WcfPijF960O8DtSqoLIbcw,Pubs And Bars,353 North Shore Dr North Side Pittsburgh PA 15212,1,0,"average",2.5,
3WZirVpghhNWTa4N2HU-xQ,Pubs And Bars,317 S Church St Uptown Charlotte NC 28202,1,0,"average",4.0,
Jv6kVPzvYqZIM3Dxhm7ZvA,Pubs And Bars,650 W Apache Trl Apache Junction AZ 85120,1,1,"average",5.0,
VkQYdpbna8eTYaHZ3fAMbg,Pubs And Bars,908 E Johnson St Tenney - Lapham Madison WI 53703,1,0,"average",4.5,
mnHpliiN1NA8kVAtcOM2Kw,Pubs And Bars,352 King St W Kitchener ON N2G 1B1,1,0,"average",4.0,
aOzoPhMtIfzhgzDnLmaaYA,Pubs And Bars,1872 Rue Centre Montréal QC H3K 2J7,1,0,"average",3.5,
DYm0Z-n67LYqzBgkA7ZQlw,Pubs And Bars,21 Lothian Road Old Town Edinburgh EH1 2DJ,1,0,"average",3.5,
6_T2yecBZf9adTu5-moFug,Pubs And Bars,1049 Pennsbury Blvd Pittsburgh PA 15205,0,0,null,3.5,
zzK7j06Pg8YWkQHzgsTuQA,Pubs And Bars,2210 E Carson St South Side Pittsburgh PA 15203,1,0,"loud",4.0,
U3LpBA2KRRprn8bCSWKCLg,Pubs And Bars,Terminal C/D Charlotte-Douglas International Airport 5501 Josh Birmingham Pkwy Charlotte NC 28208,1,0,"quiet",3.0,
825LWZwpTWU2-Md4DuMCrw,Pubs And Bars,2512 E Carson St South Side Pittsburgh PA 15203,1,0,null,3.0,
xARdRfoeo4VjazESKLB3iQ,Pubs And Bars,58 Dalkeith Road Newington Edinburgh EH16 5AD,1,0,"quiet",3.5,
26z7foWkKiljMAwENStKAA,Pubs And Bars,1425 Elizabeth Ave Elizabeth Charlotte NC 28204,1,1,"average",4.5,
B6DUg2krZFY3fCECiL_xvQ,Pubs And Bars,1744 S Val Vista Dr Mesa AZ 85204,1,0,"average",3.0,
XElKuMMgMRfMRopqY3T6uQ,Pubs And Bars,98 St John's Road Corstorphine Edinburgh EH12 7,1,0,"average",3.5,
G4ZZHlp6CdYBZOirW2_PQA,Pubs And Bars,2 E. Jefferson St. Phoenix AZ 85003,1,0,"loud",3.0,
XSYFZzXFY5wKMiYCf3JNOw,Pubs And Bars,362 Leith Walk Leith Edinburgh EH6 5BR,1,0,"quiet",4.0,
Xrxy7KvxDOrgcg19g0Tm2g,Pubs And Bars,5080 Saint Ambroise Montréal QC H4C 2G1,1,0,"average",4.5,
UZxa6SQoaQMyDonQGqpV_g,Pubs And Bars,2 Fountainbridge Square West End Edinburgh EH3 9QB,1,0,null,3.0,
l2lC88_m5WMOLSChY4_XWQ,Pubs And Bars,5719 Bryant St Highland Park Pittsburgh PA 15206,1,0,"average",2.5,
OhUHIehQOj2gHN40M9GRcg,Pubs And Bars,184 Jean Talon E Montréal QC H2R 1S7,1,0,"very_loud",3.5,
D3a0vrdXzT_UkbPNhK8f7w,Pubs And Bars,122 State St Capitol Madison WI 53703,1,0,"average",4.0,
k_I-3oMvtwagc6ncm_4dJw,Pubs And Bars,5956 Executive Dr Fitchburg WI 53719,1,0,"average",3.0,
Cj600pBtkNKwc-WWbcvLUQ,Pubs And Bars,453 E 36th St NoDa Charlotte NC 28205,1,0,"loud",3.5,
H4N1vgxdPKozOqpW-5qI2w,Pubs And Bars,16100 Arrowhead Fountains Way Peoria AZ 85382,1,0,"average",3.5,
Fp-RUwvtHcgg8Kfh9QZCwA,Pubs And Bars,5916 Sherbrooke W Montréal QC H4A 1X7,0,1,"loud",3.5,
sS5EmR4ZG_6YG87dNp8yxw,Pubs And Bars,61 W Horizon Ridge Pkwy Henderson NV 89012,1,0,"average",3.5,
qyqOfpsAC5ooVROm7fB0jQ,Pubs And Bars,4000 N Drinkwater Blvd Scottsdale AZ 85251,1,0,"quiet",4.0,
vaa0IOVKAprLRptitEfXMg,Pubs And Bars,5400 chemin Côte-des-neiges Montréal QC H3T 1K7,1,0,"average",4.0,
qaUdt9hYsfv93YxIbd6-gw,Pubs And Bars,410 The Boardwalk Waterloo ON N2T 0A6,1,0,"very_loud",3.0,
cRZeIFxYG2e7p6ynLDdUfg,Pubs And Bars,100 W Main St Sun Prairie WI 53590,1,0,"average",4.0,
u8LsKcXXnPMpQqrykr_apQ,Pubs And Bars,2127 Ayrsley Town Blvd Ste 103 Steele Creek Charlotte NC 28273,1,0,"average",4.0,
4z60nK3meSf0w0gYhH2CuA,Pubs And Bars,201 E 5th St First Ward Charlotte NC 28202,1,1,"loud",3.0,
khVFkvx8Kc6Bg3CMzgifGw,Pubs And Bars,1001 Washington Ave Carnegie PA 15106,1,0,"average",4.5,
f3urA4-7EQ7jHecca6N5hA,Pubs And Bars,4500 Tropicana Las Vegas NV 89121,1,1,"loud",3.0,
QG6YxzWWnuWp2Udq6d7d_g,Pubs And Bars,4731 E Cactus Rd Paradise Valley AZ 85032,1,0,"average",3.0,
JWcfWhjO_cpfGsEDv8j2xg,Pubs And Bars,32 Rue Beaubien Est Montréal QC H2S,1,0,"loud",4.0,
TKg0HdKzZy6pfQ8Z__bGwg,Pubs And Bars,32 rue McGill Montréal QC H2Y 4B5,1,0,"average",4.0,
08-gH0F1IGXDDlCYEpDbMg,Pubs And Bars,1224 Bishop Street Montréal QC H3G 2E2,1,0,"average",4.0,
9wN4QpzsaMej_mI_5FIKlA,Pubs And Bars,8230 E Virginia Ave Scottsdale AZ 85257,1,1,"very_loud",3.5,
_Eopx2tRCED4NcqppR7itQ,Pubs And Bars,4000 International Ln Madison WI 53704,1,0,"average",3.0,
rS2iqhVS0U-P-Q6IRq8KoA,Pubs And Bars,Bridge Street Musselburgh EH21 6AG,1,0,"average",3.5,
JCqFWCn31OMSk-vqF5aYNQ,Pubs And Bars,1 E Main St Champaign IL 61820,1,0,"average",3.5,
xOlzK02DWzETeZ8HbiEB0A,Pubs And Bars,7217 E 1st St Scottsdale AZ 85251,1,0,"average",4.0,
0tCzRjs56vTY3BrPsUMqVA,Pubs And Bars,5325 S  Ft  Apache Rd Spring Valley Las Vegas NV 89148,1,0,"quiet",4.5,
cM7eoSC_HhfS2D5VkFVY-Q,Pubs And Bars,502 S College Ave Tempe AZ 85281,1,0,"average",2.5,
PWG28q4JFOc8FiRBjnfCkA,Pubs And Bars,3622 N Scottsdale Rd Scottsdale AZ 85251,1,0,"average",4.0,
SMIGMlmoHB1rv7e01zxuhQ,Pubs And Bars,3188 Rue Masson Montréal QC H1Y 1Y2,1,0,"loud",4.0,
6q-iamhlaSMMzEdRpZr8fA,Pubs And Bars,403 Rue Ontario E Montréal QC H2L 1N5,1,1,"loud",4.0,
51EBUAJalRNPdboW9twNlg,Pubs And Bars,250 Avenue Mont-Royal E Montréal QC H2T 1P6,1,0,"loud",3.5,
cgjJT1XEeOOIPUbtkCmcGA,Pubs And Bars,131 Dundee Street Edinburgh EH11 1AX,1,0,"average",3.5,
Fjsn95e9LQqukihpZ9sYbA,Pubs And Bars,32 Potterrow Newington Edinburgh EH8,1,0,null,3.5,
cjIWO7m-oP1RFlpq8E4NYg,Pubs And Bars,2176A St-Catherine Ouest Montréal QC H3H 1M6,0,0,null,2.5,
r0t8hO7CHsZzlfGB0h2gng,Pubs And Bars,2150 Gold Hill Rd Fort Mill SC 29708,0,0,null,3.5,
a1RJtImq30iLs4oxM--QKA,Pubs And Bars,1902 Parmenter St Middleton WI 53562,1,0,"average",3.5,
iM27P2Dk1tVocQ9ai1FHMQ,Pubs And Bars,4503 Paradise Rd Eastside Las Vegas NV 89169,1,0,"average",3.5,
DWpHuxLVW6tVldtMkzplQQ,Pubs And Bars,214 N Church St Fourth Ward Charlotte NC 28202,1,0,"average",3.5,
RzVwAdOxT9JQkeoeBMYPoQ,Pubs And Bars,2400 N Buffalo Dr Suite #125 Summerlin Las Vegas NV 89128,1,0,"average",4.0,
N-KDWD5WryO5K_ORj6brGw,Pubs And Bars,300 Cottage Grove Rd Eastmorland Madison WI 53716,1,0,"average",4.0,
NIuaxYvM_-dzmgGXwPJ1Gw,Pubs And Bars,526 S Mill Ave Tempe AZ 85281,1,0,"average",3.0,
U_km3yV52pqscu4mlXgIWw,Pubs And Bars,510 E John St Champaign IL 61820,1,0,"loud",3.5,
OlQKOg8uUpOMqp6-GwSgZQ,Pubs And Bars,53 Rue Sainte-Anne Sainte-Anne-de-Bellevue QC H9X 1L5,0,0,null,4.5,
qd8SLvs_aCmwF2UePH14SQ,Pubs And Bars,2301 E Sunset Rd Southeast Las Vegas NV 89119,1,0,"quiet",3.5,
TW7MgAF85QkBGjmMIfvcvA,Pubs And Bars,8005 E Roosevelt St Scottsdale AZ 85257,1,1,"very_loud",3.0,
PmGgA12IFDwedPDAjesx3Q,Pubs And Bars,728 Copeland St Shadyside Pittsburgh PA 15232,1,0,"average",4.0,
bFosvxlK1PWI6dqvIKpQ5w,Pubs And Bars,2980 Cahill Main Fitchburg WI 53711,1,0,"loud",3.5,
95RAoc1wnt2rs28Wfs6_1Q,Pubs And Bars,37-39 Leven Street The Meadows Edinburgh EH3 9LH,1,0,"quiet",3.5,
sHNi50NSUkwOtO28Y60qvg,Pubs And Bars,8129 Ardrey Kell Rd Ste 105 Charlotte NC 28277,0,0,null,2.0,
iWYC_DYEoNN24ZV2P4AVJQ,Pubs And Bars,6654 Carmel Rd Charlotte NC 28226,1,0,"average",3.5,
PG0itWTUdxdy39P9CTgAzg,Pubs And Bars,7205 S Power Rd Queen Creek AZ 85297,1,0,"average",4.0,
z3dv9I2SN0QNaXLGBCwqBQ,Pubs And Bars,558 State St Capitol Madison WI 53703,1,0,"average",3.5,
yv8qiwqR4Y0a8qiHeGOefA,Pubs And Bars,501 S Mill Ave Ste 301 Tempe AZ 85281,1,1,"very_loud",2.5,
6_vK5uCtHYkA5EW8lbOgxA,Pubs And Bars,133 Lothian Road Old Town Edinburgh EH3,1,0,"average",4.5,
6WS7rfA2SR_1QuOYAMn-_g,Pubs And Bars,15-17 Argyle Place Marchmont Edinburgh EH9 1JJ,1,0,"average",4.0,
sgGicoitkoAjq7gZPzkFiQ,Pubs And Bars,1625 Windsor Square Dr Matthews NC 28105,1,0,"average",3.0,
A3Jv-FFRsDEWXxKJ6ZIxfg,Pubs And Bars,Caesars Palace Las Vegas Hotel & Casino 3570 Las Vegas Boulevard South The Strip Las Vegas NV 89109,1,0,"loud",3.0,
m7FpRPI-vvVzFVi2CfHFzg,Pubs And Bars,1089 E Tropicana Ave University Las Vegas NV 89119,0,0,null,2.0,
O7YoGLwEzuk-P9KhL1TO7A,Pubs And Bars,2430 Pebble Rd Henderson NV 89074,1,0,"average",2.0,
JxubR9wJfrCUCY-fuW1-Zg,Pubs And Bars,49-51 London Street Broughton New Town Edinburgh EH3 6LX,1,0,"average",4.0,
Q7TQzEqPBq1vbyHVTIleKQ,Pubs And Bars,4744 Liberty Ave Bloomfield Bloomfield PA 15224,1,0,"average",4.0,
Vr1EudCnYt2duOm85YHhrg,Pubs And Bars,5175 Rue Sherbrooke W Montréal QC H4A 1T5,1,0,"loud",4.5,
V2r0eOX5_cO0BrpBN_FVaQ,Pubs And Bars,6634 Rue St-hubert Montréal QC H2S 2M3,1,0,"average",4.5,
QMvT_O0Y8U_ULBZmenh_EA,Pubs And Bars,2401 S Wilson St Tempe AZ 85282,1,0,"quiet",4.5,
83RLRT-MsvXQJrmIanqVYA,Pubs And Bars,1470 E Southern Ave Tempe AZ 85282,1,0,"average",4.0,
YV0xf5UUqr3z-cJJr9K3-Q,Pubs And Bars,2-4 Bath Road Leith Edinburgh EH6 7JT,0,0,null,4.5,
nbiyY-01-DyUkZ8c9fVNrA,Pubs And Bars,2041 Rue Saint Denis Montréal QC H2X 3K8,1,0,"average",5.0,
8D33vGfjIOYBFfMzkFSxzw,Pubs And Bars,284 Bonnington Road Leith Edinburgh EH6 5BE,1,0,"average",3.5,
80VmGCy6UcYYCKC_BONZTQ,Pubs And Bars,524 N 92nd St Scottsdale AZ 85256,1,1,"average",3.5,
xix1p_uf-4Hgn5AmRPg8FQ,Pubs And Bars,60 Henderson Street Leith Edinburgh EH6,1,0,"average",4.0,
-4bNlx03GsXzgkHZwTrMaw,Pubs And Bars,6th St Downtown Pittsburgh PA 15222,1,0,"average",3.0,
yaB7JCmLb6Ka5Jpdo0GGlw,Pubs And Bars,200 N Tryon St Ste 100 First Ward Charlotte NC 28202,1,1,"very_loud",2.5,
aIKF0TKaqSLaj3H8dF59pQ,Pubs And Bars,9-13 Market Street Old Town Edinburgh EH1 1DE,1,0,"average",4.5,
fDWvQT7sHx2PG6S41-V0ow,Pubs And Bars,240 W Gilman St Capitol Madison WI 53703,1,0,"average",4.0,
cuj9sR19dRmO_UPnKUdjZQ,Pubs And Bars,530 Rue Peel Montréal QC H3C,1,0,"loud",4.5,
riTkPznlAPl86dazAjPO3A,Pubs And Bars,MGM Grand Hotel and Casino 3799 Las Vegas Blvd S Eastside Las Vegas NV 89109,1,0,"average",3.5,
l0oQPbCuq7cPSFSTBhauDg,Pubs And Bars,4028 rue Wellington Verdun QC H4G 3M6,1,0,"average",3.5,
EAghvlrSCshmw7dU6l03yA,Pubs And Bars,1818 Morningside Ave Morningside Pittsburgh PA 15206,1,0,"average",4.5,
Qmj5kB3b0yecXY2_arOWLQ,Pubs And Bars,88 Hawks Landing Cir Hawk's Landing Madison WI 53593,1,0,"average",4.5,
xRZPiQQGkxpXCiGRwQA7nA,Pubs And Bars,200 Mayfield Road Edinburgh EH9 3BE,0,0,null,3.5,
pVnUE5EeIaIbjXzaH7sLyw,Pubs And Bars,4247 E Indian School Rd Phoenix AZ 85018,1,0,"average",4.0,
qvBSGEMA_BOx_0GpD-Nw-w,Pubs And Bars,2880 King Street E Kitchener ON N2A,1,0,"average",4.5,
iy8WqEcmkVygsJ--QMK0Zw,Pubs And Bars,55 Glenway St Belmont NC 28012,1,0,"average",4.0,
JSa4ZYN1NQoQgzYJ_BJEmg,Pubs And Bars,Blumenstr. 17 76133 Karlsruhe,0,0,null,4.5,
hAgtic2abji61215w8_OVw,Pubs And Bars,2801 N Tenaya Way Ste A Las Vegas NV 89128,1,0,"average",3.5,
QRKbfnwa4VtiaU2pUeFLRg,Pubs And Bars,2-4 Broughton Road Cannonmills Edinburgh EH7 4EB,1,0,"loud",3.5,
HwV8GG9ws_U-rKYVcTjQ2A,Pubs And Bars,1 High Street Old Town Edinburgh EH1 1SW,1,0,"very_loud",3.5,
SB7FttLQgwfOtVQ63-HezQ,Pubs And Bars,27 Lanark Road Edinburgh EH14 1TG,0,0,null,3.0,
-rT_dboc0yLKSTj9VAHM5Q,Pubs And Bars,1262 John Q Hammons Dr Madison WI 53717,1,0,null,3.0,
fCtJLhCiCNx6r_Ly9t6dCg,Pubs And Bars,1 Canonmills Edinburgh Cannonmills Edinburgh EH3 5HA,1,0,null,3.5,
HXwr1Zh2zSltr_lR_GQv7w,Pubs And Bars,5344 Hwy 113 Madison WI 53704,1,0,"average",3.5,
i_827Jm7Aiqp92r04tHvQg,Pubs And Bars,25 Main Street Davidsons Mains Edinburgh EH4 5BZ,0,1,null,4.5,
TbPbHknC5EMptGyoq0uK3A,Pubs And Bars,Kanalweg 1 76131 Karlsruhe,1,0,null,4.5,
i5OJAtAfw_adcXuiYPXM2w,Pubs And Bars,Karl-Friedrich-Str. 8 76133 Karlsruhe,0,0,null,3.5,
ZD-BYDaCfUaKp3riMp20aw,Pubs And Bars,Unit 6 Omni Leisure Development Old Town Edinburgh EH1 3AA,0,0,null,3.5,
0_PhTFpxw-wYuqYDMvniZg,Pubs And Bars,Kapellenstraße 40 76131 Karlsruhe,1,0,null,4.5,
3M0IdqpLqqXFuOtPF0DyzQ,Pubs And Bars,3925 Willow Ave Pittsburgh PA 15234,1,0,"loud",3.5,
nWGI5rQYzqOrOS31MutWAA,Pubs And Bars,4902 St Laurent Montréal QC H2T 1R5,1,0,"average",4.0,
j6H1XEdbv516TevwrWKB1g,Pubs And Bars,Durlacher Allee 62 76131 Karlsruhe,1,0,null,4.0,
GVih-VIOvLTvG9mPDNN__Q,Pubs And Bars,139 Cowgate city centre Newington Edinburgh EH1 1JS,0,0,null,3.0,
opCB7X-WIu2uiyvg7zU5dw,Pubs And Bars,Brauerstraße  40 Im Filmpalast am Zkm 76137 Karlsruhe,1,0,"loud",2.5,
BwwND2AYfYkXkjYXMHb6yA,Pubs And Bars,7-8 Elm Row New Town Edinburgh EH7 4AA,1,0,"quiet",3.5,
TH8fAgthGkpAHR5WZKnKTw,Pubs And Bars,32 Potterow Newington Edinburgh EH8 9BT,1,0,"average",3.5,
g15qf0dUuu_aMN3mpY5quA,Pubs And Bars,Waldstr.32 76133 Karlsruhe,0,0,null,3.5,
IA4P3XkXs3boHlQ0v5CsMw,Pubs And Bars,Zähringerstraße 15 76131 Karlsruhe,1,0,null,4.5,
CECYpgLeL0Vd02mpICiZ2g,Pubs And Bars,Blumenstraße 23 76133 Karlsruhe,1,0,null,4.0,
Gd4X1HOo96SvxKGKad_rwQ,Pubs And Bars,Amalienstr. 32 76133 Karlsruhe,1,0,null,4.5,
xkHfkj1MjALGf-rOjTkTJQ,Pubs And Bars,Griesbachstr. 2 76185 Karlsruhe,1,0,null,5.0,
Q72Eqhh8eSfvkMNP8eMveA,Pubs And Bars,Fasanenstraße 6 ehemaliges Café Wien 76131 Karlsruhe,1,0,null,4.5,
vBOOyfb6stKNQmz3gFYpSA,Pubs And Bars,Waldstr. 42 76133 Karlsruhe,1,0,null,5.0,
NBjJVvlr7Lm7kFwAK8f9Fw,Pubs And Bars,St Mary's Street/Royal Mile Old Town Edinburgh EH1 1TA,1,0,null,4.0,
lHHQuo2CgetoockgS6WrSg,Pubs And Bars,13 Duke Street Leith Edinburgh EH6 8HG,1,0,null,2.0,
B2L5MqPoo8G54AJkdJaBOA,Pubs And Bars,Old Town Edinburgh EH1 1PD,0,0,null,4.0,
0Omz6epKqX2py53P2VAmqQ,Pubs And Bars,4 Princes Street Old Town Edinburgh EH1 2AB,0,0,null,3.5,
Lw3gSxm2eettIC4tvU16sQ,Pubs And Bars,65 Canongate Old Town Edinburgh EH8 8BT,0,0,null,3.5,
mN4Juu_rVp1ccalbeYeHiA,Pubs And Bars,56 The Shore Leith Edinburgh EH6 6RD,1,0,null,3.5,
lb3DFVlpUR3w990XOPYpnw,Pubs And Bars,81 N High Street Musselburgh EH21 6JE,1,0,"average",4.0,
RhEsncyHehxN_F_CBdpLzg,Pubs And Bars,58 Constitution Street Leith Leith Edinburgh EH6 6RS,1,0,null,4.0,
P0piW7FOwGA7XXSM0nDpOA,Pubs And Bars,85 Fountainbridge Tollcross Edinburgh EH3 9PU,0,0,null,3.0,
PsiGV2UhlRUCrMjYcsLl7g,Pubs And Bars,161 Lothian Road Old Town Edinburgh EH3 9AA,1,0,null,2.0,
umm-6FnNkuO3BbVk3hmPBg,Pubs And Bars,5710 Losee Rd North Las Vegas NV 89081,1,0,"average",3.0,
Zbb8W4K1iF9-eErJVXCnZQ,Pubs And Bars,Surprise AZ,1,1,"average",5.0,
r-5jWLG0PsHP7pe6VTTEHw,Pubs And Bars,5956 Executive Dr Ste 101 Fitchburg WI 53719,1,0,"average",4.0,
gbceq4Rrg102sNjTX8PBvA,Pubs And Bars,3113 W Liberty Ave Dormont Pittsburgh PA 15216,1,0,null,3.5,
Xip3lJW6qUXCWoP8ieGF7g,Pubs And Bars,Marienstrase 34 76137 Karlsruhe,1,0,null,4.0,
Cd6vqI9NtV9WgL7MKgFO4g,Pubs And Bars,Wynn Main Gate 199 The Strip Las Vegas NV 89109,1,0,null,4.5,
ILl4rQCUGy7092p9ZwQ0zw,Pubs And Bars,Werderstraße 49 76137 Karlsruhe,0,0,null,4.5,
xoIZ1OqEQyDRx5ppyL8Z1w,Pubs And Bars,Ettlinger Str. 33 76137 Karlsruhe,0,0,null,3.0,
fikT0uXLoFBy5FJGHBvtTg,Pubs And Bars,2-56 Riviera Blvd The Strip Las Vegas NV 89109,1,0,"average",2.5,
IwShjaQLAvqV2msU4bh3ww,Pubs And Bars,1612 E Bethany Home Rd Phoenix AZ 85016,1,0,"average",5.0,
IUnRnZHmA56Tgr2acpHRow,Pubs And Bars,Sky Harbor International Airport Terminal 4 3400 E Sky Harbor Blvd Phoenix AZ 85034,1,0,"average",3.5,
WQTs7LeEiXWCdR7G8uz2ew,Pubs And Bars,9 Advocate Close Old Town Edinburgh EH1 1ND,1,0,"average",4.5,
uYf0LEYULK_E1eymdMEe0Q,Pubs And Bars,3800 N Goldwater Blvd Scottsdale AZ 85251,1,0,"average",4.5,
-gIVoMNqvKWcBpQkpg-10w,Pubs And Bars,1028 W Grand Ave Phoenix AZ 85007,1,0,"quiet",4.5,
XZwJATuF3GS9HJbSqNi0Mw,Pubs And Bars,707 Fremont St Downtown Las Vegas NV 89101,1,0,"average",3.5,
wAa3LBRo-iLqFbYiuEMPog,Pubs And Bars,610 Junction Rd Ste 107 Junction Ridge Madison WI 53717,1,0,"average",4.0,
v_D70imXEgmouPLW1yvpzg,Pubs And Bars,Suite 18 22 Clerk Street Newington Newington EH8 9HX,1,0,null,3.0,
JmvSd56q7zskq_fxhYIs1w,Pubs And Bars,107 W Honeysuckle Litchfield Park AZ 85340,1,0,"average",4.5,
5eshKPkiEpZfceq8hbQmWQ,Pubs And Bars,107 W Honeysuckle St Litchfield Park AZ 85340,1,0,null,4.5,
XOjrPNseIQRpDWKo4aqRlQ,Pubs And Bars,4401 E Sunset Rd Ste 7 Henderson NV 89014,1,0,"average",3.5,
4KwEzJyeuHqna7_A_eeI3g,Pubs And Bars,953 E Sahara Ave Eastside Las Vegas NV 89104,1,0,"average",4.5,
YsqqUanJHubI8_CKJoMJmA,Pubs And Bars,1249 Avenue Bernard Ouest Montréal QC H2V 1V7,1,0,"loud",3.5,
GIIjpqCC9qlFlFXZwROLzg,Pubs And Bars,9050 W Post Rd Spring Valley Las Vegas NV 89148,1,0,"average",4.0,
GnFm2inCyY2Fzuk1hTaJIQ,Pubs And Bars,1 S Main St Downtown Las Vegas NV 89101,1,0,"average",4.0,
Gj3eDIunoz2jCGKFicyvCw,Pubs And Bars,24 Howe Street New Town Edinburgh EH3 6TG,1,0,null,3.0,
W5F2-N-cZEeomdt3i-xbAQ,Pubs And Bars,5757 Wayne Newton Blvd Terminal C Southeast Las Vegas NV 89119,1,0,null,3.0,
2D_JQtSqgRWo9R5CdRtTKQ,Pubs And Bars,52 Saint-Viateur Montréal QC H2T 2K8,1,0,"loud",4.0,
Hn_H4WACnwLDoZBBY3lc9Q,Pubs And Bars,74/78 South Clerk Street Newington Edinburgh EH8 9PT,0,0,"loud",4.0,
C2y5rfhRTkQ1iHd0TKUmjQ,Pubs And Bars,4145 S Grand Canyon Spring Valley Las Vegas NV 89147,1,0,"average",4.0,
TkwbYc_lS-wpaVqMykCxLQ,Pubs And Bars,7-11 Spittal Street Old Town Edinburgh EH3 9DY,1,0,"average",2.5,
qWHI4WUBBvJEmSKbPcSj0Q,Pubs And Bars,300 E Holum St DeForest WI 53532,1,0,"average",3.5,
moX-9x1Z76IlcAM3bAu4bg,Pubs And Bars,3545 Las Vegas Blvd Unit L-26 The Strip Las Vegas NV 89109,1,0,"loud",3.0,
-ULJMKOp7_4h63Ry1VSKAg,Pubs And Bars,414 S Mill Ave Tempe AZ 85281,1,0,"quiet",3.0,
6_3QPRIym6QXqW4DTVvXmg,Pubs And Bars,1750 S Rainbow Blvd Westside Las Vegas NV 89146,1,0,"average",4.5,
Rv4qCLFJpkgrnVE1uxnnXA,Pubs And Bars,4816 Rue Wellington Montréal QC H4G 1X5,1,0,null,4.0,
KEQibmrdbSTOU14-awi5nA,Pubs And Bars,9941 W Charelston Blvd Westside Las Vegas NV 89117,1,0,"average",4.0,
d0NFzW1K-4birsUZ1hmfmQ,Pubs And Bars,60 Rue Saint-Jacques Montréal QC H2Y 1L5,1,0,"average",4.0,
xu0QNTBquTDx5B4H4qyX-Q,Pubs And Bars,1290 Beaubien E Montréal QC H2S 1T9,1,0,"loud",3.0,
VITfBcUDd5Gigq8H1MU8Hg,Pubs And Bars,3540 W Sahara Ave Westside Las Vegas NV 89102,1,0,"average",4.5,
36nl8e6-LK01TTNP33PcJQ,Pubs And Bars,836 Grove St Sun Prairie WI 53590,1,0,"average",4.5,
7edkE4HK4V6iQEz1JgyMcQ,Pubs And Bars,6317 McKee Rd Fitchburg WI 53719,1,0,"average",3.5,
YknGA-U9FsSvVVTlULBlUw,Pubs And Bars,1039 Rue Beaubien E Montréal QC H2S 1T3,1,0,"loud",4.5,
0DmlApp_OFX1wuwvH7rvhg,Pubs And Bars,930 University Dr Tempe AZ 85281,0,1,null,4.5,
XA7ffumfYBeUQd5uYFqM1A,Pubs And Bars,3103 N Rancho Blvd Las Vegas NV 89130,1,1,"very_loud",4.5,
xYS6JehNFXLET5ZRdN4E3Q,Pubs And Bars,201 S McDowell St Uptown Charlotte NC 28204,0,0,null,3.5,
Aiglik_21rAQDAKDtKmw-Q,Pubs And Bars,404 S Mill Ave Ste 101 Tempe AZ 85281,1,0,"average",4.0,
aAUcIfoha-cOUiyfSDO6NA,Pubs And Bars,3805 Concord Pkwy S Ste 152 Concord NC 28027,1,0,"average",3.5,
P5t4b4qDYMbJJgLRDvBsqg,Pubs And Bars,6050 Sky Pointe Dr Centennial Las Vegas NV 89130,0,0,null,2.5,
A4q9jha6NNbbcuF5RFy7sg,Pubs And Bars,8560 S Las Vegas Blvd Southeast Las Vegas NV 89123,1,0,"average",4.0,
